"site_id","latitude","longitude","species_id","genus","species","common_name","kingdom","individual_id","phenophase_id","phenophase_description","first_yes_year","first_yes_month","first_yes_day","first_yes_doy","first_yes_julian_date","numdays_since_prior_no","ind_phen","phenophase","state","first_yes_date","summer_year","dosy","yeartype","dop","year","series_yrs","seasonally_inactive","active_jan1","ind_phen_year"
1419,42.011166,-88.503304,271,"Tamias","striatus","eastern chipmunk","Animalia",10285,292,"Live individuals",2011,3,9,68,2455630,2,"10285_Live individuals","Adults observed","IL",2011-03-09,2011,252,"calendar",68,2011,15,"torpor",0,"10285_Live individuals_2011"
2803,39.971001,-105.397003,405,"Tamias","minimus","least chipmunk","Animalia",16052,292,"Live individuals",2011,9,1,244,2455806,NA,"16052_Live individuals","Adults observed","CO",2011-09-01,2012,63,"calendar",244,2011,15,"torpor",0,"16052_Live individuals_2011"
1419,42.011166,-88.503304,271,"Tamias","striatus","eastern chipmunk","Animalia",10285,292,"Live individuals",2012,3,6,66,2455993,3,"10285_Live individuals","Adults observed","IL",2012-03-06,2012,250,"calendar",66,2012,15,"torpor",0,"10285_Live individuals_2012"
2803,39.971001,-105.397003,405,"Tamias","minimus","least chipmunk","Animalia",16052,292,"Live individuals",2012,3,25,85,2456012,2,"16052_Live individuals","Adults observed","CO",2012-03-25,2012,269,"calendar",85,2012,15,"torpor",0,"16052_Live individuals_2012"
6581,42.545959,-71.354904,271,"Tamias","striatus","eastern chipmunk","Animalia",20141,292,"Live individuals",2012,5,3,124,2456051,NA,"20141_Live individuals","Adults observed","MA",2012-05-03,2012,308,"calendar",124,2012,9,"torpor",0,"20141_Live individuals_2012"
1419,42.011166,-88.503304,271,"Tamias","striatus","eastern chipmunk","Animalia",10285,292,"Live individuals",2013,3,23,82,2456375,7,"10285_Live individuals","Adults observed","IL",2013-03-23,2013,266,"calendar",82,2013,15,"torpor",0,"10285_Live individuals_2013"
2803,39.971001,-105.397003,405,"Tamias","minimus","least chipmunk","Animalia",16052,292,"Live individuals",2013,4,6,96,2456389,2,"16052_Live individuals","Adults observed","CO",2013-04-06,2013,280,"calendar",96,2013,15,"torpor",0,"16052_Live individuals_2013"
6581,42.545959,-71.354904,271,"Tamias","striatus","eastern chipmunk","Animalia",20141,292,"Live individuals",2013,3,13,72,2456365,NA,"20141_Live individuals","Adults observed","MA",2013-03-13,2013,256,"calendar",72,2013,9,"torpor",0,"20141_Live individuals_2013"
10145,42.602543,-83.250992,271,"Tamias","striatus","eastern chipmunk","Animalia",38883,292,"Live individuals",2013,5,2,122,2456415,1,"38883_Live individuals","Adults observed","MI",2013-05-02,2013,306,"calendar",122,2013,13,"torpor",0,"38883_Live individuals_2013"
10145,42.602543,-83.250992,266,"Marmota","monax","woodchuck","Animalia",38980,292,"Live individuals",2013,4,8,98,2456391,NA,"38980_Live individuals","Adults observed","MI",2013-04-08,2013,282,"calendar",98,2013,13,"hibernate",0,"38980_Live individuals_2013"
10717,38.285664,-111.246605,263,"Marmota","flaviventris","yellow-bellied marmot","Animalia",42594,292,"Live individuals",2013,4,28,118,2456411,NA,"42594_Live individuals","Adults observed","UT",2013-04-28,2013,302,"calendar",118,2013,11,"hibernate",0,"42594_Live individuals_2013"
1419,42.011166,-88.503304,271,"Tamias","striatus","eastern chipmunk","Animalia",10285,292,"Live individuals",2014,3,15,74,2456732,17,"10285_Live individuals","Adults observed","IL",2014-03-15,2014,258,"calendar",74,2014,15,"torpor",0,"10285_Live individuals_2014"
2803,39.971001,-105.397003,405,"Tamias","minimus","least chipmunk","Animalia",16052,292,"Live individuals",2014,4,12,102,2456760,2,"16052_Live individuals","Adults observed","CO",2014-04-12,2014,286,"calendar",102,2014,15,"torpor",0,"16052_Live individuals_2014"
6581,42.545959,-71.354904,271,"Tamias","striatus","eastern chipmunk","Animalia",20141,292,"Live individuals",2014,5,5,125,2456783,NA,"20141_Live individuals","Adults observed","MA",2014-05-05,2014,309,"calendar",125,2014,9,"torpor",0,"20141_Live individuals_2014"
10145,42.602543,-83.250992,271,"Tamias","striatus","eastern chipmunk","Animalia",38883,292,"Live individuals",2014,3,19,78,2456736,NA,"38883_Live individuals","Adults observed","MI",2014-03-19,2014,262,"calendar",78,2014,13,"torpor",0,"38883_Live individuals_2014"
10145,42.602543,-83.250992,266,"Marmota","monax","woodchuck","Animalia",38980,292,"Live individuals",2014,4,11,101,2456759,NA,"38980_Live individuals","Adults observed","MI",2014-04-11,2014,285,"calendar",101,2014,13,"hibernate",0,"38980_Live individuals_2014"
10717,38.285664,-111.246605,263,"Marmota","flaviventris","yellow-bellied marmot","Animalia",42594,292,"Live individuals",2014,3,8,67,2456725,6,"42594_Live individuals","Adults observed","UT",2014-03-08,2014,251,"calendar",67,2014,11,"hibernate",0,"42594_Live individuals_2014"
1419,42.011166,-88.503304,271,"Tamias","striatus","eastern chipmunk","Animalia",10285,292,"Live individuals",2015,3,15,74,2457097,8,"10285_Live individuals","Adults observed","IL",2015-03-15,2015,258,"calendar",74,2015,15,"torpor",0,"10285_Live individuals_2015"
2803,39.971001,-105.397003,405,"Tamias","minimus","least chipmunk","Animalia",16052,292,"Live individuals",2015,3,14,73,2457096,6,"16052_Live individuals","Adults observed","CO",2015-03-14,2015,257,"calendar",73,2015,15,"torpor",0,"16052_Live individuals_2015"
6581,42.545959,-71.354904,271,"Tamias","striatus","eastern chipmunk","Animalia",20141,292,"Live individuals",2015,3,17,76,2457099,NA,"20141_Live individuals","Adults observed","MA",2015-03-17,2015,260,"calendar",76,2015,9,"torpor",0,"20141_Live individuals_2015"
10145,42.602543,-83.250992,271,"Tamias","striatus","eastern chipmunk","Animalia",38883,292,"Live individuals",2015,4,14,104,2457127,NA,"38883_Live individuals","Adults observed","MI",2015-04-14,2015,288,"calendar",104,2015,13,"torpor",0,"38883_Live individuals_2015"
10145,42.602543,-83.250992,266,"Marmota","monax","woodchuck","Animalia",38980,292,"Live individuals",2015,5,2,122,2457145,NA,"38980_Live individuals","Adults observed","MI",2015-05-02,2015,306,"calendar",122,2015,13,"hibernate",0,"38980_Live individuals_2015"
10717,38.285664,-111.246605,263,"Marmota","flaviventris","yellow-bellied marmot","Animalia",42594,292,"Live individuals",2015,3,22,81,2457104,23,"42594_Live individuals","Adults observed","UT",2015-03-22,2015,265,"calendar",81,2015,11,"hibernate",0,"42594_Live individuals_2015"
1419,42.011166,-88.503304,271,"Tamias","striatus","eastern chipmunk","Animalia",10285,292,"Live individuals",2016,4,16,107,2457495,1,"10285_Live individuals","Adults observed","IL",2016-04-16,2016,291,"calendar",107,2016,15,"torpor",0,"10285_Live individuals_2016"
2803,39.971001,-105.397003,405,"Tamias","minimus","least chipmunk","Animalia",16052,292,"Live individuals",2016,4,7,98,2457486,4,"16052_Live individuals","Adults observed","CO",2016-04-07,2016,282,"calendar",98,2016,15,"torpor",0,"16052_Live individuals_2016"
6581,42.545959,-71.354904,271,"Tamias","striatus","eastern chipmunk","Animalia",20141,292,"Live individuals",2016,2,4,35,2457423,NA,"20141_Live individuals","Adults observed","MA",2016-02-04,2016,219,"calendar",35,2016,9,"torpor",0,"20141_Live individuals_2016"
10145,42.602543,-83.250992,271,"Tamias","striatus","eastern chipmunk","Animalia",38883,292,"Live individuals",2016,5,5,126,2457514,NA,"38883_Live individuals","Adults observed","MI",2016-05-05,2016,310,"calendar",126,2016,13,"torpor",0,"38883_Live individuals_2016"
10145,42.602543,-83.250992,266,"Marmota","monax","woodchuck","Animalia",38980,292,"Live individuals",2016,4,4,95,2457483,NA,"38980_Live individuals","Adults observed","MI",2016-04-04,2016,279,"calendar",95,2016,13,"hibernate",0,"38980_Live individuals_2016"
10717,38.285664,-111.246605,263,"Marmota","flaviventris","yellow-bellied marmot","Animalia",42594,292,"Live individuals",2016,4,3,94,2457482,3,"42594_Live individuals","Adults observed","UT",2016-04-03,2016,278,"calendar",94,2016,11,"hibernate",0,"42594_Live individuals_2016"
1419,42.011166,-88.503304,271,"Tamias","striatus","eastern chipmunk","Animalia",10285,292,"Live individuals",2017,3,10,69,2457823,5,"10285_Live individuals","Adults observed","IL",2017-03-10,2017,253,"calendar",69,2017,15,"torpor",0,"10285_Live individuals_2017"
2803,39.971001,-105.397003,405,"Tamias","minimus","least chipmunk","Animalia",16052,292,"Live individuals",2017,3,17,76,2457830,4,"16052_Live individuals","Adults observed","CO",2017-03-17,2017,260,"calendar",76,2017,15,"torpor",0,"16052_Live individuals_2017"
6581,42.545959,-71.354904,271,"Tamias","striatus","eastern chipmunk","Animalia",20141,292,"Live individuals",2017,2,24,55,2457809,NA,"20141_Live individuals","Adults observed","MA",2017-02-24,2017,239,"calendar",55,2017,9,"torpor",0,"20141_Live individuals_2017"
10145,42.602543,-83.250992,271,"Tamias","striatus","eastern chipmunk","Animalia",38883,292,"Live individuals",2017,1,19,19,2457773,NA,"38883_Live individuals","Adults observed","MI",2017-01-19,2017,203,"calendar",19,2017,13,"torpor",0,"38883_Live individuals_2017"
10145,42.602543,-83.250992,266,"Marmota","monax","woodchuck","Animalia",38980,292,"Live individuals",2017,3,27,86,2457840,NA,"38980_Live individuals","Adults observed","MI",2017-03-27,2017,270,"calendar",86,2017,13,"hibernate",0,"38980_Live individuals_2017"
10717,38.285664,-111.246605,263,"Marmota","flaviventris","yellow-bellied marmot","Animalia",42594,292,"Live individuals",2017,5,26,146,2457900,31,"42594_Live individuals","Adults observed","UT",2017-05-26,2017,330,"calendar",146,2017,11,"hibernate",0,"42594_Live individuals_2017"
1419,42.011166,-88.503304,271,"Tamias","striatus","eastern chipmunk","Animalia",10285,292,"Live individuals",2018,3,2,61,2458180,NA,"10285_Live individuals","Adults observed","IL",2018-03-02,2018,245,"calendar",61,2018,15,"torpor",0,"10285_Live individuals_2018"
2803,39.971001,-105.397003,405,"Tamias","minimus","least chipmunk","Animalia",16052,292,"Live individuals",2018,4,27,117,2458236,4,"16052_Live individuals","Adults observed","CO",2018-04-27,2018,301,"calendar",117,2018,15,"torpor",0,"16052_Live individuals_2018"
6581,42.545959,-71.354904,271,"Tamias","striatus","eastern chipmunk","Animalia",20141,292,"Live individuals",2018,2,20,51,2458170,NA,"20141_Live individuals","Adults observed","MA",2018-02-20,2018,235,"calendar",51,2018,9,"torpor",0,"20141_Live individuals_2018"
10145,42.602543,-83.250992,271,"Tamias","striatus","eastern chipmunk","Animalia",38883,292,"Live individuals",2018,5,15,135,2458254,1,"38883_Live individuals","Adults observed","MI",2018-05-15,2018,319,"calendar",135,2018,13,"torpor",0,"38883_Live individuals_2018"
10145,42.602543,-83.250992,266,"Marmota","monax","woodchuck","Animalia",38980,292,"Live individuals",2018,4,20,110,2458229,NA,"38980_Live individuals","Adults observed","MI",2018-04-20,2018,294,"calendar",110,2018,13,"hibernate",0,"38980_Live individuals_2018"
1419,42.011166,-88.503304,271,"Tamias","striatus","eastern chipmunk","Animalia",10285,292,"Live individuals",2019,3,28,87,2458571,68,"10285_Live individuals","Adults observed","IL",2019-03-28,2019,271,"calendar",87,2019,15,"torpor",0,"10285_Live individuals_2019"
2803,39.971001,-105.397003,405,"Tamias","minimus","least chipmunk","Animalia",16052,292,"Live individuals",2019,4,27,117,2458601,5,"16052_Live individuals","Adults observed","CO",2019-04-27,2019,301,"calendar",117,2019,15,"torpor",0,"16052_Live individuals_2019"
10145,42.602543,-83.250992,271,"Tamias","striatus","eastern chipmunk","Animalia",38883,292,"Live individuals",2019,3,27,86,2458570,NA,"38883_Live individuals","Adults observed","MI",2019-03-27,2019,270,"calendar",86,2019,13,"torpor",0,"38883_Live individuals_2019"
10145,42.602543,-83.250992,266,"Marmota","monax","woodchuck","Animalia",38980,292,"Live individuals",2019,4,8,98,2458582,1,"38980_Live individuals","Adults observed","MI",2019-04-08,2019,282,"calendar",98,2019,13,"hibernate",0,"38980_Live individuals_2019"
10717,38.285664,-111.246605,263,"Marmota","flaviventris","yellow-bellied marmot","Animalia",42594,292,"Live individuals",2019,6,26,177,2458661,7,"42594_Live individuals","Adults observed","UT",2019-06-26,2019,361,"calendar",177,2019,11,"hibernate",0,"42594_Live individuals_2019"
1419,42.011166,-88.503304,271,"Tamias","striatus","eastern chipmunk","Animalia",10285,292,"Live individuals",2020,5,29,150,2458999,4,"10285_Live individuals","Adults observed","IL",2020-05-29,2020,334,"calendar",150,2020,15,"torpor",0,"10285_Live individuals_2020"
2803,39.971001,-105.397003,405,"Tamias","minimus","least chipmunk","Animalia",16052,292,"Live individuals",2020,3,18,78,2458927,4,"16052_Live individuals","Adults observed","CO",2020-03-18,2020,262,"calendar",78,2020,15,"torpor",0,"16052_Live individuals_2020"
6581,42.545959,-71.354904,271,"Tamias","striatus","eastern chipmunk","Animalia",20141,292,"Live individuals",2020,3,12,72,2458921,NA,"20141_Live individuals","Adults observed","MA",2020-03-12,2020,256,"calendar",72,2020,9,"torpor",0,"20141_Live individuals_2020"
10145,42.602543,-83.250992,271,"Tamias","striatus","eastern chipmunk","Animalia",38883,292,"Live individuals",2020,4,20,111,2458960,1,"38883_Live individuals","Adults observed","MI",2020-04-20,2020,295,"calendar",111,2020,13,"torpor",0,"38883_Live individuals_2020"
10145,42.602543,-83.250992,266,"Marmota","monax","woodchuck","Animalia",38980,292,"Live individuals",2020,3,25,85,2458934,NA,"38980_Live individuals","Adults observed","MI",2020-03-25,2020,269,"calendar",85,2020,13,"hibernate",0,"38980_Live individuals_2020"
10717,38.285664,-111.246605,263,"Marmota","flaviventris","yellow-bellied marmot","Animalia",42594,292,"Live individuals",2020,4,15,106,2458955,4,"42594_Live individuals","Adults observed","UT",2020-04-15,2020,290,"calendar",106,2020,11,"hibernate",0,"42594_Live individuals_2020"
1419,42.011166,-88.503304,271,"Tamias","striatus","eastern chipmunk","Animalia",10285,292,"Live individuals",2021,7,3,184,2459399,3,"10285_Live individuals","Adults observed","IL",2021-07-03,2022,3,"calendar",184,2021,15,"torpor",0,"10285_Live individuals_2021"
2803,39.971001,-105.397003,405,"Tamias","minimus","least chipmunk","Animalia",16052,292,"Live individuals",2021,4,6,96,2459311,8,"16052_Live individuals","Adults observed","CO",2021-04-06,2021,280,"calendar",96,2021,15,"torpor",0,"16052_Live individuals_2021"
6581,42.545959,-71.354904,271,"Tamias","striatus","eastern chipmunk","Animalia",20141,292,"Live individuals",2021,5,22,142,2459357,NA,"20141_Live individuals","Adults observed","MA",2021-05-22,2021,326,"calendar",142,2021,9,"torpor",0,"20141_Live individuals_2021"
10145,42.602543,-83.250992,271,"Tamias","striatus","eastern chipmunk","Animalia",38883,292,"Live individuals",2021,5,17,137,2459352,4,"38883_Live individuals","Adults observed","MI",2021-05-17,2021,321,"calendar",137,2021,13,"torpor",0,"38883_Live individuals_2021"
10145,42.602543,-83.250992,266,"Marmota","monax","woodchuck","Animalia",38980,292,"Live individuals",2021,4,11,101,2459316,NA,"38980_Live individuals","Adults observed","MI",2021-04-11,2021,285,"calendar",101,2021,13,"hibernate",0,"38980_Live individuals_2021"
10717,38.285664,-111.246605,263,"Marmota","flaviventris","yellow-bellied marmot","Animalia",42594,292,"Live individuals",2021,3,14,73,2459288,4,"42594_Live individuals","Adults observed","UT",2021-03-14,2021,257,"calendar",73,2021,11,"hibernate",0,"42594_Live individuals_2021"
1419,42.011166,-88.503304,271,"Tamias","striatus","eastern chipmunk","Animalia",10285,292,"Live individuals",2022,5,27,147,2459727,4,"10285_Live individuals","Adults observed","IL",2022-05-27,2022,331,"calendar",147,2022,15,"torpor",0,"10285_Live individuals_2022"
2803,39.971001,-105.397003,405,"Tamias","minimus","least chipmunk","Animalia",16052,292,"Live individuals",2022,4,20,110,2459690,36,"16052_Live individuals","Adults observed","CO",2022-04-20,2022,294,"calendar",110,2022,15,"torpor",0,"16052_Live individuals_2022"
10145,42.602543,-83.250992,271,"Tamias","striatus","eastern chipmunk","Animalia",38883,292,"Live individuals",2022,3,22,81,2459661,NA,"38883_Live individuals","Adults observed","MI",2022-03-22,2022,265,"calendar",81,2022,13,"torpor",0,"38883_Live individuals_2022"
10145,42.602543,-83.250992,266,"Marmota","monax","woodchuck","Animalia",38980,292,"Live individuals",2022,3,24,83,2459663,NA,"38980_Live individuals","Adults observed","MI",2022-03-24,2022,267,"calendar",83,2022,13,"hibernate",0,"38980_Live individuals_2022"
1419,42.011166,-88.503304,271,"Tamias","striatus","eastern chipmunk","Animalia",10285,292,"Live individuals",2023,3,19,78,2460023,8,"10285_Live individuals","Adults observed","IL",2023-03-19,2023,262,"calendar",78,2023,15,"torpor",0,"10285_Live individuals_2023"
2803,39.971001,-105.397003,405,"Tamias","minimus","least chipmunk","Animalia",16052,292,"Live individuals",2023,3,17,76,2460021,6,"16052_Live individuals","Adults observed","CO",2023-03-17,2023,260,"calendar",76,2023,15,"torpor",0,"16052_Live individuals_2023"
10145,42.602543,-83.250992,271,"Tamias","striatus","eastern chipmunk","Animalia",38883,292,"Live individuals",2023,4,9,99,2460044,NA,"38883_Live individuals","Adults observed","MI",2023-04-09,2023,283,"calendar",99,2023,13,"torpor",0,"38883_Live individuals_2023"
10145,42.602543,-83.250992,266,"Marmota","monax","woodchuck","Animalia",38980,292,"Live individuals",2023,4,16,106,2460051,NA,"38980_Live individuals","Adults observed","MI",2023-04-16,2023,290,"calendar",106,2023,13,"hibernate",0,"38980_Live individuals_2023"
10717,38.285664,-111.246605,263,"Marmota","flaviventris","yellow-bellied marmot","Animalia",42594,292,"Live individuals",2023,4,9,99,2460044,13,"42594_Live individuals","Adults observed","UT",2023-04-09,2023,283,"calendar",99,2023,11,"hibernate",0,"42594_Live individuals_2023"
1419,42.011166,-88.503304,271,"Tamias","striatus","eastern chipmunk","Animalia",10285,292,"Live individuals",2024,4,22,113,2460423,10,"10285_Live individuals","Adults observed","IL",2024-04-22,2024,297,"calendar",113,2024,15,"torpor",0,"10285_Live individuals_2024"
2803,39.971001,-105.397003,405,"Tamias","minimus","least chipmunk","Animalia",16052,292,"Live individuals",2024,4,9,100,2460410,32,"16052_Live individuals","Adults observed","CO",2024-04-09,2024,284,"calendar",100,2024,15,"torpor",0,"16052_Live individuals_2024"
10145,42.602543,-83.250992,271,"Tamias","striatus","eastern chipmunk","Animalia",38883,292,"Live individuals",2024,3,7,67,2460377,NA,"38883_Live individuals","Adults observed","MI",2024-03-07,2024,251,"calendar",67,2024,13,"torpor",0,"38883_Live individuals_2024"
10145,42.602543,-83.250992,266,"Marmota","monax","woodchuck","Animalia",38980,292,"Live individuals",2024,5,19,140,2460450,1,"38980_Live individuals","Adults observed","MI",2024-05-19,2024,324,"calendar",140,2024,13,"hibernate",0,"38980_Live individuals_2024"
10717,38.285664,-111.246605,263,"Marmota","flaviventris","yellow-bellied marmot","Animalia",42594,292,"Live individuals",2024,4,11,102,2460412,4,"42594_Live individuals","Adults observed","UT",2024-04-11,2024,286,"calendar",102,2024,11,"hibernate",0,"42594_Live individuals_2024"
1419,42.011166,-88.503304,271,"Tamias","striatus","eastern chipmunk","Animalia",10285,292,"Live individuals",2025,4,30,120,2460796,23,"10285_Live individuals","Adults observed","IL",2025-04-30,2025,304,"calendar",120,2025,15,"torpor",0,"10285_Live individuals_2025"
2803,39.971001,-105.397003,405,"Tamias","minimus","least chipmunk","Animalia",16052,292,"Live individuals",2025,3,20,79,2460755,3,"16052_Live individuals","Adults observed","CO",2025-03-20,2025,263,"calendar",79,2025,15,"torpor",0,"16052_Live individuals_2025"
10145,42.602543,-83.250992,271,"Tamias","striatus","eastern chipmunk","Animalia",38883,292,"Live individuals",2025,6,2,153,2460829,9,"38883_Live individuals","Adults observed","MI",2025-06-02,2025,337,"calendar",153,2025,13,"torpor",0,"38883_Live individuals_2025"
10145,42.602543,-83.250992,266,"Marmota","monax","woodchuck","Animalia",38980,292,"Live individuals",2025,5,15,135,2460811,1,"38980_Live individuals","Adults observed","MI",2025-05-15,2025,319,"calendar",135,2025,13,"hibernate",0,"38980_Live individuals_2025"
10717,38.285664,-111.246605,263,"Marmota","flaviventris","yellow-bellied marmot","Animalia",42594,292,"Live individuals",2025,3,23,82,2460758,2,"42594_Live individuals","Adults observed","UT",2025-03-23,2025,266,"calendar",82,2025,11,"hibernate",0,"42594_Live individuals_2025"
1419,42.011166,-88.503304,271,"Tamias","striatus","eastern chipmunk","Animalia",10285,310,"Fruit/seed consumption",2011,3,23,82,2455644,8,"10285_Fruit/seed consumption","Feeding","IL",2011-03-23,2011,266,"calendar",82,2011,11,NA,NA,"10285_Fruit/seed consumption_2011"
2803,39.971001,-105.397003,409,"Cervus","elaphus","elk","Animalia",16051,338,"Males vocalizing",2011,11,2,306,2455868,3,"16051_Males vocalizing","Mating activity","CO",2011-11-02,2012,125,"summer",125,2012,14,NA,NA,"16051_Males vocalizing_2012"
2803,39.971001,-105.397003,409,"Cervus","elaphus","elk","Animalia",16051,344,"Young individuals",2011,11,2,306,2455868,3,"16051_Young individuals","Young observed","CO",2011-11-02,2012,125,"calendar",306,2011,14,NA,NA,"16051_Young individuals_2011"
2803,39.971001,-105.397003,405,"Tamias","minimus","least chipmunk","Animalia",16052,310,"Fruit/seed consumption",2011,9,1,244,2455806,NA,"16052_Fruit/seed consumption","Feeding","CO",2011-09-01,2012,63,"calendar",244,2011,15,NA,NA,"16052_Fruit/seed consumption_2011"
2803,39.971001,-105.397003,405,"Tamias","minimus","least chipmunk","Animalia",16052,311,"Nut gathering",2011,9,22,265,2455827,4,"16052_Nut gathering","Feeding","CO",2011-09-22,2012,84,"calendar",265,2011,15,NA,NA,"16052_Nut gathering_2011"
2803,39.971001,-105.397003,264,"Odocoileus","hemionus","mule deer","Animalia",16053,344,"Young individuals",2011,10,9,282,2455844,3,"16053_Young individuals","Young observed","CO",2011-10-09,2012,101,"calendar",282,2011,12,NA,NA,"16053_Young individuals_2011"
6362,43.012966,-73.649918,270,"Odocoileus","virginianus","white-tailed deer","Animalia",18144,344,"Young individuals",2011,6,21,172,2455734,6,"18144_Young individuals","Young observed","NY",2011-06-21,2011,356,"calendar",172,2011,11,NA,NA,"18144_Young individuals_2011"
1419,42.011166,-88.503304,271,"Tamias","striatus","eastern chipmunk","Animalia",10285,310,"Fruit/seed consumption",2012,4,1,92,2456019,5,"10285_Fruit/seed consumption","Feeding","IL",2012-04-01,2012,276,"calendar",92,2012,11,NA,NA,"10285_Fruit/seed consumption_2012"
2803,39.971001,-105.397003,1715,"Sylvilagus","nuttallii","mountain cottontail","Animalia",16050,344,"Young individuals",2012,6,1,153,2456080,5,"16050_Young individuals","Young observed","CO",2012-06-01,2012,337,"calendar",153,2012,14,NA,NA,"16050_Young individuals_2012"
2803,39.971001,-105.397003,409,"Cervus","elaphus","elk","Animalia",16051,339,"Male combat (horn/antler)",2012,11,25,330,2456257,4,"16051_Male combat (horn/antler)","Mating activity","CO",2012-11-25,2013,148,"summer",148,2013,13,NA,NA,"16051_Male combat (horn/antler)_2013"
2803,39.971001,-105.397003,405,"Tamias","minimus","least chipmunk","Animalia",16052,310,"Fruit/seed consumption",2012,3,29,89,2456016,4,"16052_Fruit/seed consumption","Feeding","CO",2012-03-29,2012,273,"calendar",89,2012,15,NA,NA,"16052_Fruit/seed consumption_2012"
2803,39.971001,-105.397003,405,"Tamias","minimus","least chipmunk","Animalia",16052,311,"Nut gathering",2012,4,22,113,2456040,3,"16052_Nut gathering","Feeding","CO",2012-04-22,2012,297,"calendar",113,2012,15,NA,NA,"16052_Nut gathering_2012"
2803,39.971001,-105.397003,405,"Tamias","minimus","least chipmunk","Animalia",16052,344,"Young individuals",2012,6,1,153,2456080,5,"16052_Young individuals","Young observed","CO",2012-06-01,2012,337,"calendar",153,2012,14,NA,NA,"16052_Young individuals_2012"
6362,43.012966,-73.649918,270,"Odocoileus","virginianus","white-tailed deer","Animalia",18144,344,"Young individuals",2012,8,16,229,2456156,2,"18144_Young individuals","Young observed","NY",2012-08-16,2013,47,"calendar",229,2012,11,NA,NA,"18144_Young individuals_2012"
8418,32.363758,-94.873947,1144,"Sciurus","carolinensis","eastern gray squirrel","Animalia",25350,310,"Fruit/seed consumption",2012,4,29,120,2456047,1,"25350_Fruit/seed consumption","Feeding","TX",2012-04-29,2012,304,"calendar",120,2012,12,NA,NA,"25350_Fruit/seed consumption_2012"
8418,32.363758,-94.873947,1144,"Sciurus","carolinensis","eastern gray squirrel","Animalia",25350,311,"Nut gathering",2012,4,14,105,2456032,NA,"25350_Nut gathering","Feeding","TX",2012-04-14,2012,289,"calendar",105,2012,11,NA,NA,"25350_Nut gathering_2012"
1419,42.011166,-88.503304,271,"Tamias","striatus","eastern chipmunk","Animalia",10285,310,"Fruit/seed consumption",2013,3,26,85,2456378,2,"10285_Fruit/seed consumption","Feeding","IL",2013-03-26,2013,269,"calendar",85,2013,11,NA,NA,"10285_Fruit/seed consumption_2013"
2803,39.971001,-105.397003,1715,"Sylvilagus","nuttallii","mountain cottontail","Animalia",16050,344,"Young individuals",2013,6,6,157,2456450,4,"16050_Young individuals","Young observed","CO",2013-06-06,2013,341,"calendar",157,2013,14,NA,NA,"16050_Young individuals_2013"
2803,39.971001,-105.397003,409,"Cervus","elaphus","elk","Animalia",16051,338,"Males vocalizing",2013,10,20,293,2456586,2,"16051_Males vocalizing","Mating activity","CO",2013-10-20,2014,112,"summer",112,2014,14,NA,NA,"16051_Males vocalizing_2014"
2803,39.971001,-105.397003,409,"Cervus","elaphus","elk","Animalia",16051,339,"Male combat (horn/antler)",2013,11,27,331,2456624,13,"16051_Male combat (horn/antler)","Mating activity","CO",2013-11-27,2014,150,"summer",150,2014,13,NA,NA,"16051_Male combat (horn/antler)_2014"
2803,39.971001,-105.397003,409,"Cervus","elaphus","elk","Animalia",16051,344,"Young individuals",2013,2,28,59,2456352,4,"16051_Young individuals","Young observed","CO",2013-02-28,2013,243,"calendar",59,2013,14,NA,NA,"16051_Young individuals_2013"
2803,39.971001,-105.397003,405,"Tamias","minimus","least chipmunk","Animalia",16052,310,"Fruit/seed consumption",2013,4,25,115,2456408,4,"16052_Fruit/seed consumption","Feeding","CO",2013-04-25,2013,299,"calendar",115,2013,15,NA,NA,"16052_Fruit/seed consumption_2013"
2803,39.971001,-105.397003,405,"Tamias","minimus","least chipmunk","Animalia",16052,311,"Nut gathering",2013,4,28,118,2456411,3,"16052_Nut gathering","Feeding","CO",2013-04-28,2013,302,"calendar",118,2013,15,NA,NA,"16052_Nut gathering_2013"
2803,39.971001,-105.397003,405,"Tamias","minimus","least chipmunk","Animalia",16052,344,"Young individuals",2013,6,23,174,2456467,3,"16052_Young individuals","Young observed","CO",2013-06-23,2013,358,"calendar",174,2013,14,NA,NA,"16052_Young individuals_2013"
2803,39.971001,-105.397003,264,"Odocoileus","hemionus","mule deer","Animalia",16053,344,"Young individuals",2013,4,25,115,2456408,4,"16053_Young individuals","Young observed","CO",2013-04-25,2013,299,"calendar",115,2013,12,NA,NA,"16053_Young individuals_2013"
8418,32.363758,-94.873947,1144,"Sciurus","carolinensis","eastern gray squirrel","Animalia",25350,310,"Fruit/seed consumption",2013,1,6,6,2456299,3,"25350_Fruit/seed consumption","Feeding","TX",2013-01-06,2013,190,"calendar",6,2013,12,NA,NA,"25350_Fruit/seed consumption_2013"
8418,32.363758,-94.873947,1144,"Sciurus","carolinensis","eastern gray squirrel","Animalia",25350,311,"Nut gathering",2013,1,6,6,2456299,3,"25350_Nut gathering","Feeding","TX",2013-01-06,2013,190,"calendar",6,2013,11,NA,NA,"25350_Nut gathering_2013"
6091,34.11578,-118.757507,404,"Otospermophilus","beecheyi","California ground squirrel","Animalia",33832,344,"Young individuals",2013,6,21,172,2456465,7,"33832_Young individuals","Young observed","CA",2013-06-21,2013,356,"calendar",172,2013,11,NA,NA,"33832_Young individuals_2013"
8496,46.328629,-96.061256,1144,"Sciurus","carolinensis","eastern gray squirrel","Animalia",34923,310,"Fruit/seed consumption",2013,1,25,25,2456318,NA,"34923_Fruit/seed consumption","Feeding","MN",2013-01-25,2013,209,"calendar",25,2013,13,NA,NA,"34923_Fruit/seed consumption_2013"
8496,46.328629,-96.061256,1146,"Tamiasciurus","hudsonicus","red squirrel","Animalia",34926,310,"Fruit/seed consumption",2013,1,25,25,2456318,NA,"34926_Fruit/seed consumption","Feeding","MN",2013-01-25,2013,209,"calendar",25,2013,11,NA,NA,"34926_Fruit/seed consumption_2013"
10145,42.602543,-83.250992,1144,"Sciurus","carolinensis","eastern gray squirrel","Animalia",38885,311,"Nut gathering",2013,9,27,270,2456563,1,"38885_Nut gathering","Feeding","MI",2013-09-27,2014,89,"calendar",270,2013,9,NA,NA,"38885_Nut gathering_2013"
10145,42.602543,-83.250992,1145,"Sciurus","niger","fox squirrel","Animalia",38896,311,"Nut gathering",2013,4,26,116,2456409,NA,"38896_Nut gathering","Feeding","MI",2013-04-26,2013,300,"calendar",116,2013,9,NA,NA,"38896_Nut gathering_2013"
10145,42.602543,-83.250992,270,"Odocoileus","virginianus","white-tailed deer","Animalia",38973,344,"Young individuals",2013,6,26,177,2456470,NA,"38973_Young individuals","Young observed","MI",2013-06-26,2013,361,"calendar",177,2013,10,NA,NA,"38973_Young individuals_2013"
10145,42.602543,-83.250992,266,"Marmota","monax","woodchuck","Animalia",38980,344,"Young individuals",2013,6,26,177,2456470,2,"38980_Young individuals","Young observed","MI",2013-06-26,2013,361,"calendar",177,2013,12,NA,NA,"38980_Young individuals_2013"
10717,38.285664,-111.246605,263,"Marmota","flaviventris","yellow-bellied marmot","Animalia",42594,344,"Young individuals",2013,6,5,156,2456449,1,"42594_Young individuals","Young observed","UT",2013-06-05,2013,340,"calendar",156,2013,9,NA,NA,"42594_Young individuals_2013"
10717,38.285664,-111.246605,264,"Odocoileus","hemionus","mule deer","Animalia",42595,344,"Young individuals",2013,4,29,119,2456412,1,"42595_Young individuals","Young observed","UT",2013-04-29,2013,303,"calendar",119,2013,9,NA,NA,"42595_Young individuals_2013"
1419,42.011166,-88.503304,271,"Tamias","striatus","eastern chipmunk","Animalia",10285,310,"Fruit/seed consumption",2014,3,15,74,2456732,17,"10285_Fruit/seed consumption","Feeding","IL",2014-03-15,2014,258,"calendar",74,2014,11,NA,NA,"10285_Fruit/seed consumption_2014"
2803,39.971001,-105.397003,1715,"Sylvilagus","nuttallii","mountain cottontail","Animalia",16050,344,"Young individuals",2014,6,29,180,2456838,16,"16050_Young individuals","Young observed","CO",2014-06-29,2014,364,"calendar",180,2014,14,NA,NA,"16050_Young individuals_2014"
2803,39.971001,-105.397003,409,"Cervus","elaphus","elk","Animalia",16051,338,"Males vocalizing",2014,10,9,282,2456940,4,"16051_Males vocalizing","Mating activity","CO",2014-10-09,2015,101,"summer",101,2015,14,NA,NA,"16051_Males vocalizing_2015"
2803,39.971001,-105.397003,409,"Cervus","elaphus","elk","Animalia",16051,339,"Male combat (horn/antler)",2014,10,17,290,2456948,8,"16051_Male combat (horn/antler)","Mating activity","CO",2014-10-17,2015,109,"summer",109,2015,13,NA,NA,"16051_Male combat (horn/antler)_2015"
2803,39.971001,-105.397003,409,"Cervus","elaphus","elk","Animalia",16051,344,"Young individuals",2014,1,23,23,2456681,3,"16051_Young individuals","Young observed","CO",2014-01-23,2014,207,"calendar",23,2014,14,NA,NA,"16051_Young individuals_2014"
2803,39.971001,-105.397003,405,"Tamias","minimus","least chipmunk","Animalia",16052,310,"Fruit/seed consumption",2014,5,9,129,2456787,8,"16052_Fruit/seed consumption","Feeding","CO",2014-05-09,2014,313,"calendar",129,2014,15,NA,NA,"16052_Fruit/seed consumption_2014"
2803,39.971001,-105.397003,405,"Tamias","minimus","least chipmunk","Animalia",16052,311,"Nut gathering",2014,5,1,121,2456779,6,"16052_Nut gathering","Feeding","CO",2014-05-01,2014,305,"calendar",121,2014,15,NA,NA,"16052_Nut gathering_2014"
2803,39.971001,-105.397003,405,"Tamias","minimus","least chipmunk","Animalia",16052,344,"Young individuals",2014,8,11,223,2456881,25,"16052_Young individuals","Young observed","CO",2014-08-11,2015,42,"calendar",223,2014,14,NA,NA,"16052_Young individuals_2014"
6362,43.012966,-73.649918,270,"Odocoileus","virginianus","white-tailed deer","Animalia",18144,344,"Young individuals",2014,8,4,216,2456874,20,"18144_Young individuals","Young observed","NY",2014-08-04,2015,35,"calendar",216,2014,11,NA,NA,"18144_Young individuals_2014"
8418,32.363758,-94.873947,1144,"Sciurus","carolinensis","eastern gray squirrel","Animalia",25350,310,"Fruit/seed consumption",2014,1,11,11,2456669,6,"25350_Fruit/seed consumption","Feeding","TX",2014-01-11,2014,195,"calendar",11,2014,12,NA,NA,"25350_Fruit/seed consumption_2014"
8418,32.363758,-94.873947,1144,"Sciurus","carolinensis","eastern gray squirrel","Animalia",25350,311,"Nut gathering",2014,9,14,257,2456915,4,"25350_Nut gathering","Feeding","TX",2014-09-14,2015,76,"calendar",257,2014,11,NA,NA,"25350_Nut gathering_2014"
6091,34.11578,-118.757507,404,"Otospermophilus","beecheyi","California ground squirrel","Animalia",33832,344,"Young individuals",2014,5,22,142,2456800,6,"33832_Young individuals","Young observed","CA",2014-05-22,2014,326,"calendar",142,2014,11,NA,NA,"33832_Young individuals_2014"
8496,46.328629,-96.061256,1144,"Sciurus","carolinensis","eastern gray squirrel","Animalia",34923,310,"Fruit/seed consumption",2014,1,2,2,2456660,NA,"34923_Fruit/seed consumption","Feeding","MN",2014-01-02,2014,186,"calendar",2,2014,13,NA,NA,"34923_Fruit/seed consumption_2014"
8496,46.328629,-96.061256,1146,"Tamiasciurus","hudsonicus","red squirrel","Animalia",34926,310,"Fruit/seed consumption",2014,2,15,46,2456704,12,"34926_Fruit/seed consumption","Feeding","MN",2014-02-15,2014,230,"calendar",46,2014,11,NA,NA,"34926_Fruit/seed consumption_2014"
10145,42.602543,-83.250992,410,"Sylvilagus","floridanus","eastern cottontail","Animalia",38884,344,"Young individuals",2014,9,9,252,2456910,1,"38884_Young individuals","Young observed","MI",2014-09-09,2015,71,"calendar",252,2014,11,NA,NA,"38884_Young individuals_2014"
10145,42.602543,-83.250992,1144,"Sciurus","carolinensis","eastern gray squirrel","Animalia",38885,311,"Nut gathering",2014,6,9,160,2456818,1,"38885_Nut gathering","Feeding","MI",2014-06-09,2014,344,"calendar",160,2014,9,NA,NA,"38885_Nut gathering_2014"
10145,42.602543,-83.250992,1145,"Sciurus","niger","fox squirrel","Animalia",38896,311,"Nut gathering",2014,9,3,246,2456904,1,"38896_Nut gathering","Feeding","MI",2014-09-03,2015,65,"calendar",246,2014,9,NA,NA,"38896_Nut gathering_2014"
10145,42.602543,-83.250992,266,"Marmota","monax","woodchuck","Animalia",38980,344,"Young individuals",2014,6,26,177,2456835,1,"38980_Young individuals","Young observed","MI",2014-06-26,2014,361,"calendar",177,2014,12,NA,NA,"38980_Young individuals_2014"
10717,38.285664,-111.246605,263,"Marmota","flaviventris","yellow-bellied marmot","Animalia",42594,344,"Young individuals",2014,4,14,104,2456762,1,"42594_Young individuals","Young observed","UT",2014-04-14,2014,288,"calendar",104,2014,9,NA,NA,"42594_Young individuals_2014"
10717,38.285664,-111.246605,264,"Odocoileus","hemionus","mule deer","Animalia",42595,344,"Young individuals",2014,6,20,171,2456829,2,"42595_Young individuals","Young observed","UT",2014-06-20,2014,355,"calendar",171,2014,9,NA,NA,"42595_Young individuals_2014"
1419,42.011166,-88.503304,271,"Tamias","striatus","eastern chipmunk","Animalia",10285,310,"Fruit/seed consumption",2015,5,10,130,2457153,8,"10285_Fruit/seed consumption","Feeding","IL",2015-05-10,2015,314,"calendar",130,2015,11,NA,NA,"10285_Fruit/seed consumption_2015"
2803,39.971001,-105.397003,1715,"Sylvilagus","nuttallii","mountain cottontail","Animalia",16050,344,"Young individuals",2015,6,9,160,2457183,9,"16050_Young individuals","Young observed","CO",2015-06-09,2015,344,"calendar",160,2015,14,NA,NA,"16050_Young individuals_2015"
2803,39.971001,-105.397003,409,"Cervus","elaphus","elk","Animalia",16051,338,"Males vocalizing",2015,10,25,298,2457321,3,"16051_Males vocalizing","Mating activity","CO",2015-10-25,2016,117,"summer",117,2016,14,NA,NA,"16051_Males vocalizing_2016"
2803,39.971001,-105.397003,409,"Cervus","elaphus","elk","Animalia",16051,339,"Male combat (horn/antler)",2015,10,25,298,2457321,3,"16051_Male combat (horn/antler)","Mating activity","CO",2015-10-25,2016,117,"summer",117,2016,13,NA,NA,"16051_Male combat (horn/antler)_2016"
2803,39.971001,-105.397003,409,"Cervus","elaphus","elk","Animalia",16051,344,"Young individuals",2015,3,22,81,2457104,2,"16051_Young individuals","Young observed","CO",2015-03-22,2015,265,"calendar",81,2015,14,NA,NA,"16051_Young individuals_2015"
2803,39.971001,-105.397003,405,"Tamias","minimus","least chipmunk","Animalia",16052,310,"Fruit/seed consumption",2015,5,25,145,2457168,8,"16052_Fruit/seed consumption","Feeding","CO",2015-05-25,2015,329,"calendar",145,2015,15,NA,NA,"16052_Fruit/seed consumption_2015"
2803,39.971001,-105.397003,405,"Tamias","minimus","least chipmunk","Animalia",16052,311,"Nut gathering",2015,3,22,81,2457104,2,"16052_Nut gathering","Feeding","CO",2015-03-22,2015,265,"calendar",81,2015,15,NA,NA,"16052_Nut gathering_2015"
2803,39.971001,-105.397003,405,"Tamias","minimus","least chipmunk","Animalia",16052,344,"Young individuals",2015,6,17,168,2457191,8,"16052_Young individuals","Young observed","CO",2015-06-17,2015,352,"calendar",168,2015,14,NA,NA,"16052_Young individuals_2015"
2803,39.971001,-105.397003,264,"Odocoileus","hemionus","mule deer","Animalia",16053,344,"Young individuals",2015,4,5,95,2457118,3,"16053_Young individuals","Young observed","CO",2015-04-05,2015,279,"calendar",95,2015,12,NA,NA,"16053_Young individuals_2015"
6362,43.012966,-73.649918,270,"Odocoileus","virginianus","white-tailed deer","Animalia",18144,344,"Young individuals",2015,9,8,251,2457274,13,"18144_Young individuals","Young observed","NY",2015-09-08,2016,70,"calendar",251,2015,11,NA,NA,"18144_Young individuals_2015"
8418,32.363758,-94.873947,1144,"Sciurus","carolinensis","eastern gray squirrel","Animalia",25350,310,"Fruit/seed consumption",2015,3,15,74,2457097,44,"25350_Fruit/seed consumption","Feeding","TX",2015-03-15,2015,258,"calendar",74,2015,12,NA,NA,"25350_Fruit/seed consumption_2015"
8418,32.363758,-94.873947,1144,"Sciurus","carolinensis","eastern gray squirrel","Animalia",25350,311,"Nut gathering",2015,9,23,266,2457289,3,"25350_Nut gathering","Feeding","TX",2015-09-23,2016,85,"calendar",266,2015,11,NA,NA,"25350_Nut gathering_2015"
6091,34.11578,-118.757507,404,"Otospermophilus","beecheyi","California ground squirrel","Animalia",33832,344,"Young individuals",2015,5,1,121,2457144,9,"33832_Young individuals","Young observed","CA",2015-05-01,2015,305,"calendar",121,2015,11,NA,NA,"33832_Young individuals_2015"
8496,46.328629,-96.061256,1144,"Sciurus","carolinensis","eastern gray squirrel","Animalia",34923,310,"Fruit/seed consumption",2015,1,2,2,2457025,NA,"34923_Fruit/seed consumption","Feeding","MN",2015-01-02,2015,186,"calendar",2,2015,13,NA,NA,"34923_Fruit/seed consumption_2015"
8496,46.328629,-96.061256,1146,"Tamiasciurus","hudsonicus","red squirrel","Animalia",34926,310,"Fruit/seed consumption",2015,1,2,2,2457025,NA,"34926_Fruit/seed consumption","Feeding","MN",2015-01-02,2015,186,"calendar",2,2015,11,NA,NA,"34926_Fruit/seed consumption_2015"
10145,42.602543,-83.250992,410,"Sylvilagus","floridanus","eastern cottontail","Animalia",38884,344,"Young individuals",2015,6,4,155,2457178,1,"38884_Young individuals","Young observed","MI",2015-06-04,2015,339,"calendar",155,2015,11,NA,NA,"38884_Young individuals_2015"
10145,42.602543,-83.250992,1144,"Sciurus","carolinensis","eastern gray squirrel","Animalia",38885,311,"Nut gathering",2015,9,19,262,2457285,1,"38885_Nut gathering","Feeding","MI",2015-09-19,2016,81,"calendar",262,2015,9,NA,NA,"38885_Nut gathering_2015"
10145,42.602543,-83.250992,270,"Odocoileus","virginianus","white-tailed deer","Animalia",38973,344,"Young individuals",2015,6,17,168,2457191,1,"38973_Young individuals","Young observed","MI",2015-06-17,2015,352,"calendar",168,2015,10,NA,NA,"38973_Young individuals_2015"
10145,42.602543,-83.250992,266,"Marmota","monax","woodchuck","Animalia",38980,344,"Young individuals",2015,6,4,155,2457178,1,"38980_Young individuals","Young observed","MI",2015-06-04,2015,339,"calendar",155,2015,12,NA,NA,"38980_Young individuals_2015"
10717,38.285664,-111.246605,263,"Marmota","flaviventris","yellow-bellied marmot","Animalia",42594,344,"Young individuals",2015,5,29,149,2457172,27,"42594_Young individuals","Young observed","UT",2015-05-29,2015,333,"calendar",149,2015,9,NA,NA,"42594_Young individuals_2015"
10717,38.285664,-111.246605,264,"Odocoileus","hemionus","mule deer","Animalia",42595,344,"Young individuals",2015,3,23,82,2457105,1,"42595_Young individuals","Young observed","UT",2015-03-23,2015,266,"calendar",82,2015,9,NA,NA,"42595_Young individuals_2015"
101,37.169998,-98.029999,1145,"Sciurus","niger","fox squirrel","Animalia",82543,310,"Fruit/seed consumption",2015,3,8,67,2457090,NA,"82543_Fruit/seed consumption","Feeding","KS",2015-03-08,2015,251,"calendar",67,2015,11,NA,NA,"82543_Fruit/seed consumption_2015"
101,37.169998,-98.029999,1145,"Sciurus","niger","fox squirrel","Animalia",82543,344,"Young individuals",2015,6,14,165,2457188,56,"82543_Young individuals","Young observed","KS",2015-06-14,2015,349,"calendar",165,2015,11,NA,NA,"82543_Young individuals_2015"
1419,42.011166,-88.503304,271,"Tamias","striatus","eastern chipmunk","Animalia",10285,310,"Fruit/seed consumption",2016,5,28,149,2457537,21,"10285_Fruit/seed consumption","Feeding","IL",2016-05-28,2016,333,"calendar",149,2016,11,NA,NA,"10285_Fruit/seed consumption_2016"
2803,39.971001,-105.397003,1715,"Sylvilagus","nuttallii","mountain cottontail","Animalia",16050,344,"Young individuals",2016,8,22,235,2457623,3,"16050_Young individuals","Young observed","CO",2016-08-22,2017,53,"calendar",235,2016,14,NA,NA,"16050_Young individuals_2016"
2803,39.971001,-105.397003,409,"Cervus","elaphus","elk","Animalia",16051,338,"Males vocalizing",2016,11,1,306,2457694,4,"16051_Males vocalizing","Mating activity","CO",2016-11-01,2017,124,"summer",124,2017,14,NA,NA,"16051_Males vocalizing_2017"
2803,39.971001,-105.397003,409,"Cervus","elaphus","elk","Animalia",16051,339,"Male combat (horn/antler)",2016,11,1,306,2457694,4,"16051_Male combat (horn/antler)","Mating activity","CO",2016-11-01,2017,124,"summer",124,2017,13,NA,NA,"16051_Male combat (horn/antler)_2017"
2803,39.971001,-105.397003,409,"Cervus","elaphus","elk","Animalia",16051,344,"Young individuals",2016,2,7,38,2457426,3,"16051_Young individuals","Young observed","CO",2016-02-07,2016,222,"calendar",38,2016,14,NA,NA,"16051_Young individuals_2016"
2803,39.971001,-105.397003,405,"Tamias","minimus","least chipmunk","Animalia",16052,310,"Fruit/seed consumption",2016,4,7,98,2457486,4,"16052_Fruit/seed consumption","Feeding","CO",2016-04-07,2016,282,"calendar",98,2016,15,NA,NA,"16052_Fruit/seed consumption_2016"
2803,39.971001,-105.397003,405,"Tamias","minimus","least chipmunk","Animalia",16052,311,"Nut gathering",2016,4,7,98,2457486,4,"16052_Nut gathering","Feeding","CO",2016-04-07,2016,282,"calendar",98,2016,15,NA,NA,"16052_Nut gathering_2016"
2803,39.971001,-105.397003,405,"Tamias","minimus","least chipmunk","Animalia",16052,344,"Young individuals",2016,5,29,150,2457538,2,"16052_Young individuals","Young observed","CO",2016-05-29,2016,334,"calendar",150,2016,14,NA,NA,"16052_Young individuals_2016"
6362,43.012966,-73.649918,270,"Odocoileus","virginianus","white-tailed deer","Animalia",18144,344,"Young individuals",2016,12,6,341,2457729,7,"18144_Young individuals","Young observed","NY",2016-12-06,2017,159,"calendar",341,2016,11,NA,NA,"18144_Young individuals_2016"
8418,32.363758,-94.873947,1144,"Sciurus","carolinensis","eastern gray squirrel","Animalia",25350,310,"Fruit/seed consumption",2016,1,3,3,2457391,NA,"25350_Fruit/seed consumption","Feeding","TX",2016-01-03,2016,187,"calendar",3,2016,12,NA,NA,"25350_Fruit/seed consumption_2016"
8418,32.363758,-94.873947,1144,"Sciurus","carolinensis","eastern gray squirrel","Animalia",25350,311,"Nut gathering",2016,9,18,262,2457650,4,"25350_Nut gathering","Feeding","TX",2016-09-18,2017,80,"calendar",262,2016,11,NA,NA,"25350_Nut gathering_2016"
6091,34.11578,-118.757507,404,"Otospermophilus","beecheyi","California ground squirrel","Animalia",33832,344,"Young individuals",2016,4,22,113,2457501,7,"33832_Young individuals","Young observed","CA",2016-04-22,2016,297,"calendar",113,2016,11,NA,NA,"33832_Young individuals_2016"
8496,46.328629,-96.061256,1144,"Sciurus","carolinensis","eastern gray squirrel","Animalia",34923,310,"Fruit/seed consumption",2016,1,10,10,2457398,NA,"34923_Fruit/seed consumption","Feeding","MN",2016-01-10,2016,194,"calendar",10,2016,13,NA,NA,"34923_Fruit/seed consumption_2016"
8496,46.328629,-96.061256,1146,"Tamiasciurus","hudsonicus","red squirrel","Animalia",34926,310,"Fruit/seed consumption",2016,1,15,15,2457403,5,"34926_Fruit/seed consumption","Feeding","MN",2016-01-15,2016,199,"calendar",15,2016,11,NA,NA,"34926_Fruit/seed consumption_2016"
10145,42.602543,-83.250992,410,"Sylvilagus","floridanus","eastern cottontail","Animalia",38884,344,"Young individuals",2016,8,2,215,2457603,1,"38884_Young individuals","Young observed","MI",2016-08-02,2017,33,"calendar",215,2016,11,NA,NA,"38884_Young individuals_2016"
10145,42.602543,-83.250992,1144,"Sciurus","carolinensis","eastern gray squirrel","Animalia",38885,311,"Nut gathering",2016,9,9,253,2457641,1,"38885_Nut gathering","Feeding","MI",2016-09-09,2017,71,"calendar",253,2016,9,NA,NA,"38885_Nut gathering_2016"
10145,42.602543,-83.250992,1145,"Sciurus","niger","fox squirrel","Animalia",38896,311,"Nut gathering",2016,1,17,17,2457405,1,"38896_Nut gathering","Feeding","MI",2016-01-17,2016,201,"calendar",17,2016,9,NA,NA,"38896_Nut gathering_2016"
10145,42.602543,-83.250992,266,"Marmota","monax","woodchuck","Animalia",38980,344,"Young individuals",2016,5,19,140,2457528,1,"38980_Young individuals","Young observed","MI",2016-05-19,2016,324,"calendar",140,2016,12,NA,NA,"38980_Young individuals_2016"
10717,38.285664,-111.246605,263,"Marmota","flaviventris","yellow-bellied marmot","Animalia",42594,344,"Young individuals",2016,6,12,164,2457552,13,"42594_Young individuals","Young observed","UT",2016-06-12,2016,348,"calendar",164,2016,9,NA,NA,"42594_Young individuals_2016"
10717,38.285664,-111.246605,264,"Odocoileus","hemionus","mule deer","Animalia",42595,344,"Young individuals",2016,7,30,212,2457600,10,"42595_Young individuals","Young observed","UT",2016-07-30,2017,30,"calendar",212,2016,9,NA,NA,"42595_Young individuals_2016"
101,37.169998,-98.029999,1145,"Sciurus","niger","fox squirrel","Animalia",82543,310,"Fruit/seed consumption",2016,3,6,66,2457454,NA,"82543_Fruit/seed consumption","Feeding","KS",2016-03-06,2016,250,"calendar",66,2016,11,NA,NA,"82543_Fruit/seed consumption_2016"
101,37.169998,-98.029999,1145,"Sciurus","niger","fox squirrel","Animalia",82543,344,"Young individuals",2016,7,14,196,2457584,79,"82543_Young individuals","Young observed","KS",2016-07-14,2017,14,"calendar",196,2016,11,NA,NA,"82543_Young individuals_2016"
1419,42.011166,-88.503304,271,"Tamias","striatus","eastern chipmunk","Animalia",10285,310,"Fruit/seed consumption",2017,3,18,77,2457831,8,"10285_Fruit/seed consumption","Feeding","IL",2017-03-18,2017,261,"calendar",77,2017,11,NA,NA,"10285_Fruit/seed consumption_2017"
2803,39.971001,-105.397003,1715,"Sylvilagus","nuttallii","mountain cottontail","Animalia",16050,344,"Young individuals",2017,7,14,195,2457949,4,"16050_Young individuals","Young observed","CO",2017-07-14,2018,14,"calendar",195,2017,14,NA,NA,"16050_Young individuals_2017"
2803,39.971001,-105.397003,409,"Cervus","elaphus","elk","Animalia",16051,338,"Males vocalizing",2017,9,22,265,2458019,7,"16051_Males vocalizing","Mating activity","CO",2017-09-22,2018,84,"summer",84,2018,14,NA,NA,"16051_Males vocalizing_2018"
2803,39.971001,-105.397003,409,"Cervus","elaphus","elk","Animalia",16051,339,"Male combat (horn/antler)",2017,10,20,293,2458047,5,"16051_Male combat (horn/antler)","Mating activity","CO",2017-10-20,2018,112,"summer",112,2018,13,NA,NA,"16051_Male combat (horn/antler)_2018"
2803,39.971001,-105.397003,409,"Cervus","elaphus","elk","Animalia",16051,344,"Young individuals",2017,1,9,9,2457763,2,"16051_Young individuals","Young observed","CO",2017-01-09,2017,193,"calendar",9,2017,14,NA,NA,"16051_Young individuals_2017"
2803,39.971001,-105.397003,405,"Tamias","minimus","least chipmunk","Animalia",16052,310,"Fruit/seed consumption",2017,4,13,103,2457857,5,"16052_Fruit/seed consumption","Feeding","CO",2017-04-13,2017,287,"calendar",103,2017,15,NA,NA,"16052_Fruit/seed consumption_2017"
2803,39.971001,-105.397003,405,"Tamias","minimus","least chipmunk","Animalia",16052,311,"Nut gathering",2017,7,10,191,2457945,3,"16052_Nut gathering","Feeding","CO",2017-07-10,2018,10,"calendar",191,2017,15,NA,NA,"16052_Nut gathering_2017"
2803,39.971001,-105.397003,405,"Tamias","minimus","least chipmunk","Animalia",16052,344,"Young individuals",2017,4,13,103,2457857,5,"16052_Young individuals","Young observed","CO",2017-04-13,2017,287,"calendar",103,2017,14,NA,NA,"16052_Young individuals_2017"
2803,39.971001,-105.397003,264,"Odocoileus","hemionus","mule deer","Animalia",16053,344,"Young individuals",2017,4,1,91,2457845,1,"16053_Young individuals","Young observed","CO",2017-04-01,2017,275,"calendar",91,2017,12,NA,NA,"16053_Young individuals_2017"
6362,43.012966,-73.649918,270,"Odocoileus","virginianus","white-tailed deer","Animalia",18144,344,"Young individuals",2017,2,27,58,2457812,6,"18144_Young individuals","Young observed","NY",2017-02-27,2017,242,"calendar",58,2017,11,NA,NA,"18144_Young individuals_2017"
8418,32.363758,-94.873947,1144,"Sciurus","carolinensis","eastern gray squirrel","Animalia",25350,310,"Fruit/seed consumption",2017,1,1,1,2457755,NA,"25350_Fruit/seed consumption","Feeding","TX",2017-01-01,2017,185,"calendar",1,2017,12,NA,NA,"25350_Fruit/seed consumption_2017"
8418,32.363758,-94.873947,1144,"Sciurus","carolinensis","eastern gray squirrel","Animalia",25350,311,"Nut gathering",2017,1,1,1,2457755,NA,"25350_Nut gathering","Feeding","TX",2017-01-01,2017,185,"calendar",1,2017,11,NA,NA,"25350_Nut gathering_2017"
6091,34.11578,-118.757507,404,"Otospermophilus","beecheyi","California ground squirrel","Animalia",33832,344,"Young individuals",2017,4,20,110,2457864,6,"33832_Young individuals","Young observed","CA",2017-04-20,2017,294,"calendar",110,2017,11,NA,NA,"33832_Young individuals_2017"
8496,46.328629,-96.061256,1144,"Sciurus","carolinensis","eastern gray squirrel","Animalia",34923,310,"Fruit/seed consumption",2017,1,9,9,2457763,NA,"34923_Fruit/seed consumption","Feeding","MN",2017-01-09,2017,193,"calendar",9,2017,13,NA,NA,"34923_Fruit/seed consumption_2017"
8496,46.328629,-96.061256,1146,"Tamiasciurus","hudsonicus","red squirrel","Animalia",34926,310,"Fruit/seed consumption",2017,1,9,9,2457763,NA,"34926_Fruit/seed consumption","Feeding","MN",2017-01-09,2017,193,"calendar",9,2017,11,NA,NA,"34926_Fruit/seed consumption_2017"
10145,42.602543,-83.250992,410,"Sylvilagus","floridanus","eastern cottontail","Animalia",38884,344,"Young individuals",2017,6,1,152,2457906,1,"38884_Young individuals","Young observed","MI",2017-06-01,2017,336,"calendar",152,2017,11,NA,NA,"38884_Young individuals_2017"
10145,42.602543,-83.250992,1144,"Sciurus","carolinensis","eastern gray squirrel","Animalia",38885,311,"Nut gathering",2017,9,26,269,2458023,1,"38885_Nut gathering","Feeding","MI",2017-09-26,2018,88,"calendar",269,2017,9,NA,NA,"38885_Nut gathering_2017"
10145,42.602543,-83.250992,1145,"Sciurus","niger","fox squirrel","Animalia",38896,311,"Nut gathering",2017,9,26,269,2458023,1,"38896_Nut gathering","Feeding","MI",2017-09-26,2018,88,"calendar",269,2017,9,NA,NA,"38896_Nut gathering_2017"
10145,42.602543,-83.250992,270,"Odocoileus","virginianus","white-tailed deer","Animalia",38973,344,"Young individuals",2017,6,4,155,2457909,1,"38973_Young individuals","Young observed","MI",2017-06-04,2017,339,"calendar",155,2017,10,NA,NA,"38973_Young individuals_2017"
10145,42.602543,-83.250992,266,"Marmota","monax","woodchuck","Animalia",38980,344,"Young individuals",2017,6,4,155,2457909,1,"38980_Young individuals","Young observed","MI",2017-06-04,2017,339,"calendar",155,2017,12,NA,NA,"38980_Young individuals_2017"
10717,38.285664,-111.246605,263,"Marmota","flaviventris","yellow-bellied marmot","Animalia",42594,344,"Young individuals",2017,5,26,146,2457900,31,"42594_Young individuals","Young observed","UT",2017-05-26,2017,330,"calendar",146,2017,9,NA,NA,"42594_Young individuals_2017"
10717,38.285664,-111.246605,264,"Odocoileus","hemionus","mule deer","Animalia",42595,344,"Young individuals",2017,7,2,183,2457937,37,"42595_Young individuals","Young observed","UT",2017-07-02,2018,2,"calendar",183,2017,9,NA,NA,"42595_Young individuals_2017"
101,37.169998,-98.029999,1145,"Sciurus","niger","fox squirrel","Animalia",82543,310,"Fruit/seed consumption",2017,2,17,48,2457802,NA,"82543_Fruit/seed consumption","Feeding","KS",2017-02-17,2017,232,"calendar",48,2017,11,NA,NA,"82543_Fruit/seed consumption_2017"
101,37.169998,-98.029999,1145,"Sciurus","niger","fox squirrel","Animalia",82543,344,"Young individuals",2017,4,11,101,2457855,8,"82543_Young individuals","Young observed","KS",2017-04-11,2017,285,"calendar",101,2017,11,NA,NA,"82543_Young individuals_2017"
1419,42.011166,-88.503304,271,"Tamias","striatus","eastern chipmunk","Animalia",10285,310,"Fruit/seed consumption",2018,6,9,160,2458279,34,"10285_Fruit/seed consumption","Feeding","IL",2018-06-09,2018,344,"calendar",160,2018,11,NA,NA,"10285_Fruit/seed consumption_2018"
2803,39.971001,-105.397003,1715,"Sylvilagus","nuttallii","mountain cottontail","Animalia",16050,344,"Young individuals",2018,7,13,194,2458313,4,"16050_Young individuals","Young observed","CO",2018-07-13,2019,13,"calendar",194,2018,14,NA,NA,"16050_Young individuals_2018"
2803,39.971001,-105.397003,409,"Cervus","elaphus","elk","Animalia",16051,338,"Males vocalizing",2018,9,21,264,2458383,4,"16051_Males vocalizing","Mating activity","CO",2018-09-21,2019,83,"summer",83,2019,14,NA,NA,"16051_Males vocalizing_2019"
2803,39.971001,-105.397003,409,"Cervus","elaphus","elk","Animalia",16051,339,"Male combat (horn/antler)",2018,11,24,328,2458447,7,"16051_Male combat (horn/antler)","Mating activity","CO",2018-11-24,2019,147,"summer",147,2019,13,NA,NA,"16051_Male combat (horn/antler)_2019"
2803,39.971001,-105.397003,409,"Cervus","elaphus","elk","Animalia",16051,344,"Young individuals",2018,1,2,2,2458121,NA,"16051_Young individuals","Young observed","CO",2018-01-02,2018,186,"calendar",2,2018,14,NA,NA,"16051_Young individuals_2018"
2803,39.971001,-105.397003,405,"Tamias","minimus","least chipmunk","Animalia",16052,310,"Fruit/seed consumption",2018,5,11,131,2458250,4,"16052_Fruit/seed consumption","Feeding","CO",2018-05-11,2018,315,"calendar",131,2018,15,NA,NA,"16052_Fruit/seed consumption_2018"
2803,39.971001,-105.397003,405,"Tamias","minimus","least chipmunk","Animalia",16052,311,"Nut gathering",2018,5,11,131,2458250,4,"16052_Nut gathering","Feeding","CO",2018-05-11,2018,315,"calendar",131,2018,15,NA,NA,"16052_Nut gathering_2018"
2803,39.971001,-105.397003,405,"Tamias","minimus","least chipmunk","Animalia",16052,344,"Young individuals",2018,5,21,141,2458260,10,"16052_Young individuals","Young observed","CO",2018-05-21,2018,325,"calendar",141,2018,14,NA,NA,"16052_Young individuals_2018"
2803,39.971001,-105.397003,264,"Odocoileus","hemionus","mule deer","Animalia",16053,344,"Young individuals",2018,4,2,92,2458211,3,"16053_Young individuals","Young observed","CO",2018-04-02,2018,276,"calendar",92,2018,12,NA,NA,"16053_Young individuals_2018"
6362,43.012966,-73.649918,270,"Odocoileus","virginianus","white-tailed deer","Animalia",18144,344,"Young individuals",2018,6,13,164,2458283,7,"18144_Young individuals","Young observed","NY",2018-06-13,2018,348,"calendar",164,2018,11,NA,NA,"18144_Young individuals_2018"
8418,32.363758,-94.873947,1144,"Sciurus","carolinensis","eastern gray squirrel","Animalia",25350,310,"Fruit/seed consumption",2018,1,24,24,2458143,3,"25350_Fruit/seed consumption","Feeding","TX",2018-01-24,2018,208,"calendar",24,2018,12,NA,NA,"25350_Fruit/seed consumption_2018"
8418,32.363758,-94.873947,1144,"Sciurus","carolinensis","eastern gray squirrel","Animalia",25350,311,"Nut gathering",2018,10,28,301,2458420,3,"25350_Nut gathering","Feeding","TX",2018-10-28,2019,120,"calendar",301,2018,11,NA,NA,"25350_Nut gathering_2018"
6091,34.11578,-118.757507,404,"Otospermophilus","beecheyi","California ground squirrel","Animalia",33832,344,"Young individuals",2018,5,31,151,2458270,6,"33832_Young individuals","Young observed","CA",2018-05-31,2018,335,"calendar",151,2018,11,NA,NA,"33832_Young individuals_2018"
8496,46.328629,-96.061256,1144,"Sciurus","carolinensis","eastern gray squirrel","Animalia",34923,310,"Fruit/seed consumption",2018,4,1,91,2458210,20,"34923_Fruit/seed consumption","Feeding","MN",2018-04-01,2018,275,"calendar",91,2018,13,NA,NA,"34923_Fruit/seed consumption_2018"
8496,46.328629,-96.061256,1146,"Tamiasciurus","hudsonicus","red squirrel","Animalia",34926,310,"Fruit/seed consumption",2018,3,16,75,2458194,4,"34926_Fruit/seed consumption","Feeding","MN",2018-03-16,2018,259,"calendar",75,2018,11,NA,NA,"34926_Fruit/seed consumption_2018"
10145,42.602543,-83.250992,1144,"Sciurus","carolinensis","eastern gray squirrel","Animalia",38885,311,"Nut gathering",2018,8,27,239,2458358,1,"38885_Nut gathering","Feeding","MI",2018-08-27,2019,58,"calendar",239,2018,9,NA,NA,"38885_Nut gathering_2018"
10145,42.602543,-83.250992,270,"Odocoileus","virginianus","white-tailed deer","Animalia",38973,344,"Young individuals",2018,4,16,106,2458225,1,"38973_Young individuals","Young observed","MI",2018-04-16,2018,290,"calendar",106,2018,10,NA,NA,"38973_Young individuals_2018"
10145,42.602543,-83.250992,266,"Marmota","monax","woodchuck","Animalia",38980,344,"Young individuals",2018,6,29,180,2458299,1,"38980_Young individuals","Young observed","MI",2018-06-29,2018,364,"calendar",180,2018,12,NA,NA,"38980_Young individuals_2018"
101,37.169998,-98.029999,1145,"Sciurus","niger","fox squirrel","Animalia",82543,310,"Fruit/seed consumption",2018,3,17,76,2458195,NA,"82543_Fruit/seed consumption","Feeding","KS",2018-03-17,2018,260,"calendar",76,2018,11,NA,NA,"82543_Fruit/seed consumption_2018"
101,37.169998,-98.029999,1145,"Sciurus","niger","fox squirrel","Animalia",82543,344,"Young individuals",2018,4,29,119,2458238,4,"82543_Young individuals","Young observed","KS",2018-04-29,2018,303,"calendar",119,2018,11,NA,NA,"82543_Young individuals_2018"
1419,42.011166,-88.503304,271,"Tamias","striatus","eastern chipmunk","Animalia",10285,310,"Fruit/seed consumption",2019,6,2,153,2458637,27,"10285_Fruit/seed consumption","Feeding","IL",2019-06-02,2019,337,"calendar",153,2019,11,NA,NA,"10285_Fruit/seed consumption_2019"
2803,39.971001,-105.397003,1715,"Sylvilagus","nuttallii","mountain cottontail","Animalia",16050,344,"Young individuals",2019,1,1,1,2458485,NA,"16050_Young individuals","Young observed","CO",2019-01-01,2019,185,"calendar",1,2019,14,NA,NA,"16050_Young individuals_2019"
2803,39.971001,-105.397003,409,"Cervus","elaphus","elk","Animalia",16051,338,"Males vocalizing",2019,10,12,285,2458769,5,"16051_Males vocalizing","Mating activity","CO",2019-10-12,2020,104,"summer",104,2020,14,NA,NA,"16051_Males vocalizing_2020"
2803,39.971001,-105.397003,409,"Cervus","elaphus","elk","Animalia",16051,344,"Young individuals",2019,1,1,1,2458485,NA,"16051_Young individuals","Young observed","CO",2019-01-01,2019,185,"calendar",1,2019,14,NA,NA,"16051_Young individuals_2019"
2803,39.971001,-105.397003,405,"Tamias","minimus","least chipmunk","Animalia",16052,310,"Fruit/seed consumption",2019,5,27,147,2458631,7,"16052_Fruit/seed consumption","Feeding","CO",2019-05-27,2019,331,"calendar",147,2019,15,NA,NA,"16052_Fruit/seed consumption_2019"
2803,39.971001,-105.397003,405,"Tamias","minimus","least chipmunk","Animalia",16052,311,"Nut gathering",2019,7,8,189,2458673,3,"16052_Nut gathering","Feeding","CO",2019-07-08,2020,8,"calendar",189,2019,15,NA,NA,"16052_Nut gathering_2019"
2803,39.971001,-105.397003,405,"Tamias","minimus","least chipmunk","Animalia",16052,344,"Young individuals",2019,6,24,175,2458659,2,"16052_Young individuals","Young observed","CO",2019-06-24,2019,359,"calendar",175,2019,14,NA,NA,"16052_Young individuals_2019"
2803,39.971001,-105.397003,264,"Odocoileus","hemionus","mule deer","Animalia",16053,344,"Young individuals",2019,1,14,14,2458498,2,"16053_Young individuals","Young observed","CO",2019-01-14,2019,198,"calendar",14,2019,12,NA,NA,"16053_Young individuals_2019"
6362,43.012966,-73.649918,270,"Odocoileus","virginianus","white-tailed deer","Animalia",18144,344,"Young individuals",2019,8,5,217,2458701,4,"18144_Young individuals","Young observed","NY",2019-08-05,2020,36,"calendar",217,2019,11,NA,NA,"18144_Young individuals_2019"
8418,32.363758,-94.873947,1144,"Sciurus","carolinensis","eastern gray squirrel","Animalia",25350,310,"Fruit/seed consumption",2019,4,28,118,2458602,4,"25350_Fruit/seed consumption","Feeding","TX",2019-04-28,2019,302,"calendar",118,2019,12,NA,NA,"25350_Fruit/seed consumption_2019"
8418,32.363758,-94.873947,1144,"Sciurus","carolinensis","eastern gray squirrel","Animalia",25350,311,"Nut gathering",2019,1,14,14,2458498,13,"25350_Nut gathering","Feeding","TX",2019-01-14,2019,198,"calendar",14,2019,11,NA,NA,"25350_Nut gathering_2019"
6091,34.11578,-118.757507,404,"Otospermophilus","beecheyi","California ground squirrel","Animalia",33832,344,"Young individuals",2019,5,31,151,2458635,7,"33832_Young individuals","Young observed","CA",2019-05-31,2019,335,"calendar",151,2019,11,NA,NA,"33832_Young individuals_2019"
8496,46.328629,-96.061256,1144,"Sciurus","carolinensis","eastern gray squirrel","Animalia",34923,310,"Fruit/seed consumption",2019,2,25,56,2458540,36,"34923_Fruit/seed consumption","Feeding","MN",2019-02-25,2019,240,"calendar",56,2019,13,NA,NA,"34923_Fruit/seed consumption_2019"
8496,46.328629,-96.061256,1146,"Tamiasciurus","hudsonicus","red squirrel","Animalia",34926,310,"Fruit/seed consumption",2019,4,20,110,2458594,19,"34926_Fruit/seed consumption","Feeding","MN",2019-04-20,2019,294,"calendar",110,2019,11,NA,NA,"34926_Fruit/seed consumption_2019"
10145,42.602543,-83.250992,410,"Sylvilagus","floridanus","eastern cottontail","Animalia",38884,344,"Young individuals",2019,6,22,173,2458657,1,"38884_Young individuals","Young observed","MI",2019-06-22,2019,357,"calendar",173,2019,11,NA,NA,"38884_Young individuals_2019"
10145,42.602543,-83.250992,270,"Odocoileus","virginianus","white-tailed deer","Animalia",38973,344,"Young individuals",2019,5,1,121,2458605,1,"38973_Young individuals","Young observed","MI",2019-05-01,2019,305,"calendar",121,2019,10,NA,NA,"38973_Young individuals_2019"
10145,42.602543,-83.250992,266,"Marmota","monax","woodchuck","Animalia",38980,344,"Young individuals",2019,6,12,163,2458647,1,"38980_Young individuals","Young observed","MI",2019-06-12,2019,347,"calendar",163,2019,12,NA,NA,"38980_Young individuals_2019"
10717,38.285664,-111.246605,263,"Marmota","flaviventris","yellow-bellied marmot","Animalia",42594,344,"Young individuals",2019,6,28,179,2458663,2,"42594_Young individuals","Young observed","UT",2019-06-28,2019,363,"calendar",179,2019,9,NA,NA,"42594_Young individuals_2019"
101,37.169998,-98.029999,1145,"Sciurus","niger","fox squirrel","Animalia",82543,310,"Fruit/seed consumption",2019,3,28,87,2458571,NA,"82543_Fruit/seed consumption","Feeding","KS",2019-03-28,2019,271,"calendar",87,2019,11,NA,NA,"82543_Fruit/seed consumption_2019"
101,37.169998,-98.029999,1145,"Sciurus","niger","fox squirrel","Animalia",82543,344,"Young individuals",2019,7,5,186,2458670,56,"82543_Young individuals","Young observed","KS",2019-07-05,2020,5,"calendar",186,2019,11,NA,NA,"82543_Young individuals_2019"
2803,39.971001,-105.397003,1715,"Sylvilagus","nuttallii","mountain cottontail","Animalia",16050,344,"Young individuals",2020,5,26,147,2458996,4,"16050_Young individuals","Young observed","CO",2020-05-26,2020,331,"calendar",147,2020,14,NA,NA,"16050_Young individuals_2020"
2803,39.971001,-105.397003,409,"Cervus","elaphus","elk","Animalia",16051,338,"Males vocalizing",2020,9,25,269,2459118,7,"16051_Males vocalizing","Mating activity","CO",2020-09-25,2021,87,"summer",87,2021,14,NA,NA,"16051_Males vocalizing_2021"
2803,39.971001,-105.397003,409,"Cervus","elaphus","elk","Animalia",16051,339,"Male combat (horn/antler)",2020,10,2,276,2459125,4,"16051_Male combat (horn/antler)","Mating activity","CO",2020-10-02,2021,94,"summer",94,2021,13,NA,NA,"16051_Male combat (horn/antler)_2021"
2803,39.971001,-105.397003,409,"Cervus","elaphus","elk","Animalia",16051,344,"Young individuals",2020,1,11,11,2458860,5,"16051_Young individuals","Young observed","CO",2020-01-11,2020,195,"calendar",11,2020,14,NA,NA,"16051_Young individuals_2020"
2803,39.971001,-105.397003,405,"Tamias","minimus","least chipmunk","Animalia",16052,310,"Fruit/seed consumption",2020,3,18,78,2458927,4,"16052_Fruit/seed consumption","Feeding","CO",2020-03-18,2020,262,"calendar",78,2020,15,NA,NA,"16052_Fruit/seed consumption_2020"
2803,39.971001,-105.397003,405,"Tamias","minimus","least chipmunk","Animalia",16052,311,"Nut gathering",2020,3,18,78,2458927,4,"16052_Nut gathering","Feeding","CO",2020-03-18,2020,262,"calendar",78,2020,15,NA,NA,"16052_Nut gathering_2020"
2803,39.971001,-105.397003,405,"Tamias","minimus","least chipmunk","Animalia",16052,344,"Young individuals",2020,4,7,98,2458947,7,"16052_Young individuals","Young observed","CO",2020-04-07,2020,282,"calendar",98,2020,14,NA,NA,"16052_Young individuals_2020"
2803,39.971001,-105.397003,264,"Odocoileus","hemionus","mule deer","Animalia",16053,344,"Young individuals",2020,8,31,244,2459093,4,"16053_Young individuals","Young observed","CO",2020-08-31,2021,62,"calendar",244,2020,12,NA,NA,"16053_Young individuals_2020"
6362,43.012966,-73.649918,270,"Odocoileus","virginianus","white-tailed deer","Animalia",18144,344,"Young individuals",2020,9,23,267,2459116,14,"18144_Young individuals","Young observed","NY",2020-09-23,2021,85,"calendar",267,2020,11,NA,NA,"18144_Young individuals_2020"
8418,32.363758,-94.873947,1144,"Sciurus","carolinensis","eastern gray squirrel","Animalia",25350,310,"Fruit/seed consumption",2020,3,29,89,2458938,NA,"25350_Fruit/seed consumption","Feeding","TX",2020-03-29,2020,273,"calendar",89,2020,12,NA,NA,"25350_Fruit/seed consumption_2020"
6091,34.11578,-118.757507,404,"Otospermophilus","beecheyi","California ground squirrel","Animalia",33832,344,"Young individuals",2020,3,11,71,2458920,5,"33832_Young individuals","Young observed","CA",2020-03-11,2020,255,"calendar",71,2020,11,NA,NA,"33832_Young individuals_2020"
8496,46.328629,-96.061256,1144,"Sciurus","carolinensis","eastern gray squirrel","Animalia",34923,310,"Fruit/seed consumption",2020,1,10,10,2458859,NA,"34923_Fruit/seed consumption","Feeding","MN",2020-01-10,2020,194,"calendar",10,2020,13,NA,NA,"34923_Fruit/seed consumption_2020"
8496,46.328629,-96.061256,1146,"Tamiasciurus","hudsonicus","red squirrel","Animalia",34926,310,"Fruit/seed consumption",2020,2,7,38,2458887,28,"34926_Fruit/seed consumption","Feeding","MN",2020-02-07,2020,222,"calendar",38,2020,11,NA,NA,"34926_Fruit/seed consumption_2020"
10145,42.602543,-83.250992,410,"Sylvilagus","floridanus","eastern cottontail","Animalia",38884,344,"Young individuals",2020,7,7,189,2459038,1,"38884_Young individuals","Young observed","MI",2020-07-07,2021,7,"calendar",189,2020,11,NA,NA,"38884_Young individuals_2020"
10145,42.602543,-83.250992,1144,"Sciurus","carolinensis","eastern gray squirrel","Animalia",38885,311,"Nut gathering",2020,9,22,266,2459115,1,"38885_Nut gathering","Feeding","MI",2020-09-22,2021,84,"calendar",266,2020,9,NA,NA,"38885_Nut gathering_2020"
10145,42.602543,-83.250992,1145,"Sciurus","niger","fox squirrel","Animalia",38896,311,"Nut gathering",2020,9,6,250,2459099,1,"38896_Nut gathering","Feeding","MI",2020-09-06,2021,68,"calendar",250,2020,9,NA,NA,"38896_Nut gathering_2020"
10145,42.602543,-83.250992,270,"Odocoileus","virginianus","white-tailed deer","Animalia",38973,344,"Young individuals",2020,9,2,246,2459095,1,"38973_Young individuals","Young observed","MI",2020-09-02,2021,64,"calendar",246,2020,10,NA,NA,"38973_Young individuals_2020"
10145,42.602543,-83.250992,266,"Marmota","monax","woodchuck","Animalia",38980,344,"Young individuals",2020,7,1,183,2459032,1,"38980_Young individuals","Young observed","MI",2020-07-01,2021,1,"calendar",183,2020,12,NA,NA,"38980_Young individuals_2020"
10717,38.285664,-111.246605,263,"Marmota","flaviventris","yellow-bellied marmot","Animalia",42594,344,"Young individuals",2020,4,29,120,2458969,4,"42594_Young individuals","Young observed","UT",2020-04-29,2020,304,"calendar",120,2020,9,NA,NA,"42594_Young individuals_2020"
101,37.169998,-98.029999,1145,"Sciurus","niger","fox squirrel","Animalia",82543,310,"Fruit/seed consumption",2020,3,6,66,2458915,NA,"82543_Fruit/seed consumption","Feeding","KS",2020-03-06,2020,250,"calendar",66,2020,11,NA,NA,"82543_Fruit/seed consumption_2020"
101,37.169998,-98.029999,1145,"Sciurus","niger","fox squirrel","Animalia",82543,344,"Young individuals",2020,4,25,116,2458965,8,"82543_Young individuals","Young observed","KS",2020-04-25,2020,300,"calendar",116,2020,11,NA,NA,"82543_Young individuals_2020"
2803,39.971001,-105.397003,1715,"Sylvilagus","nuttallii","mountain cottontail","Animalia",16050,344,"Young individuals",2021,7,12,193,2459408,7,"16050_Young individuals","Young observed","CO",2021-07-12,2022,12,"calendar",193,2021,14,NA,NA,"16050_Young individuals_2021"
2803,39.971001,-105.397003,409,"Cervus","elaphus","elk","Animalia",16051,338,"Males vocalizing",2021,10,16,289,2459504,5,"16051_Males vocalizing","Mating activity","CO",2021-10-16,2022,108,"summer",108,2022,14,NA,NA,"16051_Males vocalizing_2022"
2803,39.971001,-105.397003,409,"Cervus","elaphus","elk","Animalia",16051,339,"Male combat (horn/antler)",2021,10,16,289,2459504,5,"16051_Male combat (horn/antler)","Mating activity","CO",2021-10-16,2022,108,"summer",108,2022,13,NA,NA,"16051_Male combat (horn/antler)_2022"
2803,39.971001,-105.397003,409,"Cervus","elaphus","elk","Animalia",16051,344,"Young individuals",2021,1,11,11,2459226,3,"16051_Young individuals","Young observed","CO",2021-01-11,2021,195,"calendar",11,2021,14,NA,NA,"16051_Young individuals_2021"
2803,39.971001,-105.397003,405,"Tamias","minimus","least chipmunk","Animalia",16052,310,"Fruit/seed consumption",2021,4,6,96,2459311,8,"16052_Fruit/seed consumption","Feeding","CO",2021-04-06,2021,280,"calendar",96,2021,15,NA,NA,"16052_Fruit/seed consumption_2021"
2803,39.971001,-105.397003,405,"Tamias","minimus","least chipmunk","Animalia",16052,311,"Nut gathering",2021,4,10,100,2459315,4,"16052_Nut gathering","Feeding","CO",2021-04-10,2021,284,"calendar",100,2021,15,NA,NA,"16052_Nut gathering_2021"
2803,39.971001,-105.397003,405,"Tamias","minimus","least chipmunk","Animalia",16052,344,"Young individuals",2021,4,10,100,2459315,4,"16052_Young individuals","Young observed","CO",2021-04-10,2021,284,"calendar",100,2021,14,NA,NA,"16052_Young individuals_2021"
2803,39.971001,-105.397003,264,"Odocoileus","hemionus","mule deer","Animalia",16053,344,"Young individuals",2021,1,11,11,2459226,3,"16053_Young individuals","Young observed","CO",2021-01-11,2021,195,"calendar",11,2021,12,NA,NA,"16053_Young individuals_2021"
6362,43.012966,-73.649918,270,"Odocoileus","virginianus","white-tailed deer","Animalia",18144,344,"Young individuals",2021,7,14,195,2459410,7,"18144_Young individuals","Young observed","NY",2021-07-14,2022,14,"calendar",195,2021,11,NA,NA,"18144_Young individuals_2021"
6091,34.11578,-118.757507,404,"Otospermophilus","beecheyi","California ground squirrel","Animalia",33832,344,"Young individuals",2021,4,28,118,2459333,5,"33832_Young individuals","Young observed","CA",2021-04-28,2021,302,"calendar",118,2021,11,NA,NA,"33832_Young individuals_2021"
8496,46.328629,-96.061256,1144,"Sciurus","carolinensis","eastern gray squirrel","Animalia",34923,310,"Fruit/seed consumption",2021,1,20,20,2459235,NA,"34923_Fruit/seed consumption","Feeding","MN",2021-01-20,2021,204,"calendar",20,2021,13,NA,NA,"34923_Fruit/seed consumption_2021"
10145,42.602543,-83.250992,410,"Sylvilagus","floridanus","eastern cottontail","Animalia",38884,344,"Young individuals",2021,7,3,184,2459399,1,"38884_Young individuals","Young observed","MI",2021-07-03,2022,3,"calendar",184,2021,11,NA,NA,"38884_Young individuals_2021"
10145,42.602543,-83.250992,1144,"Sciurus","carolinensis","eastern gray squirrel","Animalia",38885,311,"Nut gathering",2021,9,9,252,2459467,1,"38885_Nut gathering","Feeding","MI",2021-09-09,2022,71,"calendar",252,2021,9,NA,NA,"38885_Nut gathering_2021"
10145,42.602543,-83.250992,1145,"Sciurus","niger","fox squirrel","Animalia",38896,311,"Nut gathering",2021,9,13,256,2459471,1,"38896_Nut gathering","Feeding","MI",2021-09-13,2022,75,"calendar",256,2021,9,NA,NA,"38896_Nut gathering_2021"
10145,42.602543,-83.250992,270,"Odocoileus","virginianus","white-tailed deer","Animalia",38973,344,"Young individuals",2021,9,12,255,2459470,1,"38973_Young individuals","Young observed","MI",2021-09-12,2022,74,"calendar",255,2021,10,NA,NA,"38973_Young individuals_2021"
10145,42.602543,-83.250992,266,"Marmota","monax","woodchuck","Animalia",38980,344,"Young individuals",2021,6,17,168,2459383,1,"38980_Young individuals","Young observed","MI",2021-06-17,2021,352,"calendar",168,2021,12,NA,NA,"38980_Young individuals_2021"
10717,38.285664,-111.246605,263,"Marmota","flaviventris","yellow-bellied marmot","Animalia",42594,344,"Young individuals",2021,3,14,73,2459288,4,"42594_Young individuals","Young observed","UT",2021-03-14,2021,257,"calendar",73,2021,9,NA,NA,"42594_Young individuals_2021"
10717,38.285664,-111.246605,264,"Odocoileus","hemionus","mule deer","Animalia",42595,344,"Young individuals",2021,7,23,204,2459419,10,"42595_Young individuals","Young observed","UT",2021-07-23,2022,23,"calendar",204,2021,9,NA,NA,"42595_Young individuals_2021"
101,37.169998,-98.029999,1145,"Sciurus","niger","fox squirrel","Animalia",82543,310,"Fruit/seed consumption",2021,3,12,71,2459286,NA,"82543_Fruit/seed consumption","Feeding","KS",2021-03-12,2021,255,"calendar",71,2021,11,NA,NA,"82543_Fruit/seed consumption_2021"
101,37.169998,-98.029999,1145,"Sciurus","niger","fox squirrel","Animalia",82543,344,"Young individuals",2021,3,12,71,2459286,NA,"82543_Young individuals","Young observed","KS",2021-03-12,2021,255,"calendar",71,2021,11,NA,NA,"82543_Young individuals_2021"
2803,39.971001,-105.397003,1715,"Sylvilagus","nuttallii","mountain cottontail","Animalia",16050,344,"Young individuals",2022,1,2,2,2459582,NA,"16050_Young individuals","Young observed","CO",2022-01-02,2022,186,"calendar",2,2022,14,NA,NA,"16050_Young individuals_2022"
2803,39.971001,-105.397003,409,"Cervus","elaphus","elk","Animalia",16051,338,"Males vocalizing",2022,9,22,265,2459845,14,"16051_Males vocalizing","Mating activity","CO",2022-09-22,2023,84,"summer",84,2023,14,NA,NA,"16051_Males vocalizing_2023"
2803,39.971001,-105.397003,409,"Cervus","elaphus","elk","Animalia",16051,339,"Male combat (horn/antler)",2022,11,4,308,2459888,1,"16051_Male combat (horn/antler)","Mating activity","CO",2022-11-04,2023,127,"summer",127,2023,13,NA,NA,"16051_Male combat (horn/antler)_2023"
2803,39.971001,-105.397003,409,"Cervus","elaphus","elk","Animalia",16051,344,"Young individuals",2022,1,2,2,2459582,NA,"16051_Young individuals","Young observed","CO",2022-01-02,2022,186,"calendar",2,2022,14,NA,NA,"16051_Young individuals_2022"
2803,39.971001,-105.397003,405,"Tamias","minimus","least chipmunk","Animalia",16052,310,"Fruit/seed consumption",2022,4,20,110,2459690,36,"16052_Fruit/seed consumption","Feeding","CO",2022-04-20,2022,294,"calendar",110,2022,15,NA,NA,"16052_Fruit/seed consumption_2022"
2803,39.971001,-105.397003,405,"Tamias","minimus","least chipmunk","Animalia",16052,311,"Nut gathering",2022,4,20,110,2459690,36,"16052_Nut gathering","Feeding","CO",2022-04-20,2022,294,"calendar",110,2022,15,NA,NA,"16052_Nut gathering_2022"
2803,39.971001,-105.397003,405,"Tamias","minimus","least chipmunk","Animalia",16052,344,"Young individuals",2022,5,12,132,2459712,3,"16052_Young individuals","Young observed","CO",2022-05-12,2022,316,"calendar",132,2022,14,NA,NA,"16052_Young individuals_2022"
2803,39.971001,-105.397003,264,"Odocoileus","hemionus","mule deer","Animalia",16053,344,"Young individuals",2022,1,2,2,2459582,NA,"16053_Young individuals","Young observed","CO",2022-01-02,2022,186,"calendar",2,2022,12,NA,NA,"16053_Young individuals_2022"
6362,43.012966,-73.649918,270,"Odocoileus","virginianus","white-tailed deer","Animalia",18144,344,"Young individuals",2022,10,24,297,2459877,13,"18144_Young individuals","Young observed","NY",2022-10-24,2023,116,"calendar",297,2022,11,NA,NA,"18144_Young individuals_2022"
6091,34.11578,-118.757507,404,"Otospermophilus","beecheyi","California ground squirrel","Animalia",33832,344,"Young individuals",2022,1,14,14,2459594,8,"33832_Young individuals","Young observed","CA",2022-01-14,2022,198,"calendar",14,2022,11,NA,NA,"33832_Young individuals_2022"
8496,46.328629,-96.061256,1144,"Sciurus","carolinensis","eastern gray squirrel","Animalia",34923,310,"Fruit/seed consumption",2022,4,10,100,2459680,11,"34923_Fruit/seed consumption","Feeding","MN",2022-04-10,2022,284,"calendar",100,2022,13,NA,NA,"34923_Fruit/seed consumption_2022"
8496,46.328629,-96.061256,1146,"Tamiasciurus","hudsonicus","red squirrel","Animalia",34926,310,"Fruit/seed consumption",2022,3,27,86,2459666,NA,"34926_Fruit/seed consumption","Feeding","MN",2022-03-27,2022,270,"calendar",86,2022,11,NA,NA,"34926_Fruit/seed consumption_2022"
10145,42.602543,-83.250992,410,"Sylvilagus","floridanus","eastern cottontail","Animalia",38884,344,"Young individuals",2022,7,10,191,2459771,1,"38884_Young individuals","Young observed","MI",2022-07-10,2023,10,"calendar",191,2022,11,NA,NA,"38884_Young individuals_2022"
10145,42.602543,-83.250992,1145,"Sciurus","niger","fox squirrel","Animalia",38896,311,"Nut gathering",2022,8,26,238,2459818,1,"38896_Nut gathering","Feeding","MI",2022-08-26,2023,57,"calendar",238,2022,9,NA,NA,"38896_Nut gathering_2022"
10145,42.602543,-83.250992,270,"Odocoileus","virginianus","white-tailed deer","Animalia",38973,344,"Young individuals",2022,6,4,155,2459735,1,"38973_Young individuals","Young observed","MI",2022-06-04,2022,339,"calendar",155,2022,10,NA,NA,"38973_Young individuals_2022"
10145,42.602543,-83.250992,266,"Marmota","monax","woodchuck","Animalia",38980,344,"Young individuals",2022,6,2,153,2459733,1,"38980_Young individuals","Young observed","MI",2022-06-02,2022,337,"calendar",153,2022,12,NA,NA,"38980_Young individuals_2022"
10717,38.285664,-111.246605,264,"Odocoileus","hemionus","mule deer","Animalia",42595,344,"Young individuals",2022,1,22,22,2459602,16,"42595_Young individuals","Young observed","UT",2022-01-22,2022,206,"calendar",22,2022,9,NA,NA,"42595_Young individuals_2022"
101,37.169998,-98.029999,1145,"Sciurus","niger","fox squirrel","Animalia",82543,310,"Fruit/seed consumption",2022,3,25,84,2459664,NA,"82543_Fruit/seed consumption","Feeding","KS",2022-03-25,2022,268,"calendar",84,2022,11,NA,NA,"82543_Fruit/seed consumption_2022"
101,37.169998,-98.029999,1145,"Sciurus","niger","fox squirrel","Animalia",82543,344,"Young individuals",2022,5,9,129,2459709,9,"82543_Young individuals","Young observed","KS",2022-05-09,2022,313,"calendar",129,2022,11,NA,NA,"82543_Young individuals_2022"
2803,39.971001,-105.397003,1715,"Sylvilagus","nuttallii","mountain cottontail","Animalia",16050,344,"Young individuals",2023,1,16,16,2459961,5,"16050_Young individuals","Young observed","CO",2023-01-16,2023,200,"calendar",16,2023,14,NA,NA,"16050_Young individuals_2023"
2803,39.971001,-105.397003,409,"Cervus","elaphus","elk","Animalia",16051,338,"Males vocalizing",2023,10,11,284,2460229,4,"16051_Males vocalizing","Mating activity","CO",2023-10-11,2024,103,"summer",103,2024,14,NA,NA,"16051_Males vocalizing_2024"
2803,39.971001,-105.397003,409,"Cervus","elaphus","elk","Animalia",16051,339,"Male combat (horn/antler)",2023,10,17,290,2460235,3,"16051_Male combat (horn/antler)","Mating activity","CO",2023-10-17,2024,109,"summer",109,2024,13,NA,NA,"16051_Male combat (horn/antler)_2024"
2803,39.971001,-105.397003,409,"Cervus","elaphus","elk","Animalia",16051,344,"Young individuals",2023,1,16,16,2459961,5,"16051_Young individuals","Young observed","CO",2023-01-16,2023,200,"calendar",16,2023,14,NA,NA,"16051_Young individuals_2023"
2803,39.971001,-105.397003,405,"Tamias","minimus","least chipmunk","Animalia",16052,310,"Fruit/seed consumption",2023,3,17,76,2460021,6,"16052_Fruit/seed consumption","Feeding","CO",2023-03-17,2023,260,"calendar",76,2023,15,NA,NA,"16052_Fruit/seed consumption_2023"
2803,39.971001,-105.397003,405,"Tamias","minimus","least chipmunk","Animalia",16052,311,"Nut gathering",2023,4,10,100,2460045,10,"16052_Nut gathering","Feeding","CO",2023-04-10,2023,284,"calendar",100,2023,15,NA,NA,"16052_Nut gathering_2023"
2803,39.971001,-105.397003,405,"Tamias","minimus","least chipmunk","Animalia",16052,344,"Young individuals",2023,4,13,103,2460048,3,"16052_Young individuals","Young observed","CO",2023-04-13,2023,287,"calendar",103,2023,14,NA,NA,"16052_Young individuals_2023"
2803,39.971001,-105.397003,264,"Odocoileus","hemionus","mule deer","Animalia",16053,344,"Young individuals",2023,6,9,160,2460105,7,"16053_Young individuals","Young observed","CO",2023-06-09,2023,344,"calendar",160,2023,12,NA,NA,"16053_Young individuals_2023"
8418,32.363758,-94.873947,1144,"Sciurus","carolinensis","eastern gray squirrel","Animalia",25350,310,"Fruit/seed consumption",2023,2,9,40,2459985,4,"25350_Fruit/seed consumption","Feeding","TX",2023-02-09,2023,224,"calendar",40,2023,12,NA,NA,"25350_Fruit/seed consumption_2023"
8418,32.363758,-94.873947,1144,"Sciurus","carolinensis","eastern gray squirrel","Animalia",25350,311,"Nut gathering",2023,11,30,334,2460279,4,"25350_Nut gathering","Feeding","TX",2023-11-30,2024,153,"calendar",334,2023,11,NA,NA,"25350_Nut gathering_2023"
6091,34.11578,-118.757507,404,"Otospermophilus","beecheyi","California ground squirrel","Animalia",33832,344,"Young individuals",2023,6,29,180,2460125,7,"33832_Young individuals","Young observed","CA",2023-06-29,2023,364,"calendar",180,2023,11,NA,NA,"33832_Young individuals_2023"
8496,46.328629,-96.061256,1144,"Sciurus","carolinensis","eastern gray squirrel","Animalia",34923,310,"Fruit/seed consumption",2023,4,9,99,2460044,NA,"34923_Fruit/seed consumption","Feeding","MN",2023-04-09,2023,283,"calendar",99,2023,13,NA,NA,"34923_Fruit/seed consumption_2023"
8496,46.328629,-96.061256,1146,"Tamiasciurus","hudsonicus","red squirrel","Animalia",34926,310,"Fruit/seed consumption",2023,4,18,108,2460053,9,"34926_Fruit/seed consumption","Feeding","MN",2023-04-18,2023,292,"calendar",108,2023,11,NA,NA,"34926_Fruit/seed consumption_2023"
10145,42.602543,-83.250992,410,"Sylvilagus","floridanus","eastern cottontail","Animalia",38884,344,"Young individuals",2023,5,3,123,2460068,1,"38884_Young individuals","Young observed","MI",2023-05-03,2023,307,"calendar",123,2023,11,NA,NA,"38884_Young individuals_2023"
10145,42.602543,-83.250992,1144,"Sciurus","carolinensis","eastern gray squirrel","Animalia",38885,311,"Nut gathering",2023,10,7,280,2460225,1,"38885_Nut gathering","Feeding","MI",2023-10-07,2024,99,"calendar",280,2023,9,NA,NA,"38885_Nut gathering_2023"
10145,42.602543,-83.250992,1145,"Sciurus","niger","fox squirrel","Animalia",38896,311,"Nut gathering",2023,10,7,280,2460225,1,"38896_Nut gathering","Feeding","MI",2023-10-07,2024,99,"calendar",280,2023,9,NA,NA,"38896_Nut gathering_2023"
10717,38.285664,-111.246605,263,"Marmota","flaviventris","yellow-bellied marmot","Animalia",42594,344,"Young individuals",2023,8,1,213,2460158,114,"42594_Young individuals","Young observed","UT",2023-08-01,2024,32,"calendar",213,2023,9,NA,NA,"42594_Young individuals_2023"
10717,38.285664,-111.246605,264,"Odocoileus","hemionus","mule deer","Animalia",42595,344,"Young individuals",2023,2,25,56,2460001,NA,"42595_Young individuals","Young observed","UT",2023-02-25,2023,240,"calendar",56,2023,9,NA,NA,"42595_Young individuals_2023"
101,37.169998,-98.029999,1145,"Sciurus","niger","fox squirrel","Animalia",82543,310,"Fruit/seed consumption",2023,4,15,105,2460050,4,"82543_Fruit/seed consumption","Feeding","KS",2023-04-15,2023,289,"calendar",105,2023,11,NA,NA,"82543_Fruit/seed consumption_2023"
101,37.169998,-98.029999,1145,"Sciurus","niger","fox squirrel","Animalia",82543,344,"Young individuals",2023,3,21,80,2460025,15,"82543_Young individuals","Young observed","KS",2023-03-21,2023,264,"calendar",80,2023,11,NA,NA,"82543_Young individuals_2023"
1419,42.011166,-88.503304,271,"Tamias","striatus","eastern chipmunk","Animalia",10285,310,"Fruit/seed consumption",2024,7,1,183,2460493,37,"10285_Fruit/seed consumption","Feeding","IL",2024-07-01,2025,1,"calendar",183,2024,11,NA,NA,"10285_Fruit/seed consumption_2024"
2803,39.971001,-105.397003,1715,"Sylvilagus","nuttallii","mountain cottontail","Animalia",16050,344,"Young individuals",2024,6,12,164,2460474,7,"16050_Young individuals","Young observed","CO",2024-06-12,2024,348,"calendar",164,2024,14,NA,NA,"16050_Young individuals_2024"
2803,39.971001,-105.397003,409,"Cervus","elaphus","elk","Animalia",16051,338,"Males vocalizing",2024,10,12,286,2460596,1,"16051_Males vocalizing","Mating activity","CO",2024-10-12,2025,104,"summer",104,2025,14,NA,NA,"16051_Males vocalizing_2025"
2803,39.971001,-105.397003,409,"Cervus","elaphus","elk","Animalia",16051,339,"Male combat (horn/antler)",2024,10,12,286,2460596,1,"16051_Male combat (horn/antler)","Mating activity","CO",2024-10-12,2025,104,"summer",104,2025,13,NA,NA,"16051_Male combat (horn/antler)_2025"
2803,39.971001,-105.397003,409,"Cervus","elaphus","elk","Animalia",16051,344,"Young individuals",2024,2,1,32,2460342,NA,"16051_Young individuals","Young observed","CO",2024-02-01,2024,216,"calendar",32,2024,14,NA,NA,"16051_Young individuals_2024"
2803,39.971001,-105.397003,405,"Tamias","minimus","least chipmunk","Animalia",16052,310,"Fruit/seed consumption",2024,4,9,100,2460410,32,"16052_Fruit/seed consumption","Feeding","CO",2024-04-09,2024,284,"calendar",100,2024,15,NA,NA,"16052_Fruit/seed consumption_2024"
2803,39.971001,-105.397003,405,"Tamias","minimus","least chipmunk","Animalia",16052,311,"Nut gathering",2024,4,9,100,2460410,32,"16052_Nut gathering","Feeding","CO",2024-04-09,2024,284,"calendar",100,2024,15,NA,NA,"16052_Nut gathering_2024"
2803,39.971001,-105.397003,405,"Tamias","minimus","least chipmunk","Animalia",16052,344,"Young individuals",2024,4,15,106,2460416,6,"16052_Young individuals","Young observed","CO",2024-04-15,2024,290,"calendar",106,2024,14,NA,NA,"16052_Young individuals_2024"
2803,39.971001,-105.397003,264,"Odocoileus","hemionus","mule deer","Animalia",16053,344,"Young individuals",2024,12,30,365,2460675,7,"16053_Young individuals","Young observed","CO",2024-12-30,2025,183,"calendar",365,2024,12,NA,NA,"16053_Young individuals_2024"
8418,32.363758,-94.873947,1144,"Sciurus","carolinensis","eastern gray squirrel","Animalia",25350,310,"Fruit/seed consumption",2024,12,14,349,2460659,6,"25350_Fruit/seed consumption","Feeding","TX",2024-12-14,2025,167,"calendar",349,2024,12,NA,NA,"25350_Fruit/seed consumption_2024"
8418,32.363758,-94.873947,1144,"Sciurus","carolinensis","eastern gray squirrel","Animalia",25350,311,"Nut gathering",2024,8,22,235,2460545,4,"25350_Nut gathering","Feeding","TX",2024-08-22,2025,53,"calendar",235,2024,11,NA,NA,"25350_Nut gathering_2024"
8496,46.328629,-96.061256,1144,"Sciurus","carolinensis","eastern gray squirrel","Animalia",34923,310,"Fruit/seed consumption",2024,2,25,56,2460366,NA,"34923_Fruit/seed consumption","Feeding","MN",2024-02-25,2024,240,"calendar",56,2024,13,NA,NA,"34923_Fruit/seed consumption_2024"
8496,46.328629,-96.061256,1146,"Tamiasciurus","hudsonicus","red squirrel","Animalia",34926,310,"Fruit/seed consumption",2024,2,25,56,2460366,NA,"34926_Fruit/seed consumption","Feeding","MN",2024-02-25,2024,240,"calendar",56,2024,11,NA,NA,"34926_Fruit/seed consumption_2024"
10145,42.602543,-83.250992,410,"Sylvilagus","floridanus","eastern cottontail","Animalia",38884,344,"Young individuals",2024,4,17,108,2460418,1,"38884_Young individuals","Young observed","MI",2024-04-17,2024,292,"calendar",108,2024,11,NA,NA,"38884_Young individuals_2024"
10145,42.602543,-83.250992,270,"Odocoileus","virginianus","white-tailed deer","Animalia",38973,344,"Young individuals",2024,7,29,211,2460521,1,"38973_Young individuals","Young observed","MI",2024-07-29,2025,29,"calendar",211,2024,10,NA,NA,"38973_Young individuals_2024"
10145,42.602543,-83.250992,266,"Marmota","monax","woodchuck","Animalia",38980,344,"Young individuals",2024,6,12,164,2460474,1,"38980_Young individuals","Young observed","MI",2024-06-12,2024,348,"calendar",164,2024,12,NA,NA,"38980_Young individuals_2024"
10717,38.285664,-111.246605,264,"Odocoileus","hemionus","mule deer","Animalia",42595,344,"Young individuals",2024,10,11,285,2460595,5,"42595_Young individuals","Young observed","UT",2024-10-11,2025,103,"calendar",285,2024,9,NA,NA,"42595_Young individuals_2024"
101,37.169998,-98.029999,1145,"Sciurus","niger","fox squirrel","Animalia",82543,310,"Fruit/seed consumption",2024,3,4,64,2460374,NA,"82543_Fruit/seed consumption","Feeding","KS",2024-03-04,2024,248,"calendar",64,2024,11,NA,NA,"82543_Fruit/seed consumption_2024"
101,37.169998,-98.029999,1145,"Sciurus","niger","fox squirrel","Animalia",82543,344,"Young individuals",2024,4,5,96,2460406,4,"82543_Young individuals","Young observed","KS",2024-04-05,2024,280,"calendar",96,2024,11,NA,NA,"82543_Young individuals_2024"
1419,42.011166,-88.503304,271,"Tamias","striatus","eastern chipmunk","Animalia",10285,310,"Fruit/seed consumption",2025,5,15,135,2460811,15,"10285_Fruit/seed consumption","Feeding","IL",2025-05-15,2025,319,"calendar",135,2025,11,NA,NA,"10285_Fruit/seed consumption_2025"
2803,39.971001,-105.397003,1715,"Sylvilagus","nuttallii","mountain cottontail","Animalia",16050,344,"Young individuals",2025,6,27,178,2460854,4,"16050_Young individuals","Young observed","CO",2025-06-27,2025,362,"calendar",178,2025,14,NA,NA,"16050_Young individuals_2025"
2803,39.971001,-105.397003,409,"Cervus","elaphus","elk","Animalia",16051,338,"Males vocalizing",2025,10,1,274,2460950,11,"16051_Males vocalizing","Mating activity","CO",2025-10-01,2026,93,"summer",93,2026,14,NA,NA,"16051_Males vocalizing_2026"
2803,39.971001,-105.397003,409,"Cervus","elaphus","elk","Animalia",16051,339,"Male combat (horn/antler)",2025,10,1,274,2460950,11,"16051_Male combat (horn/antler)","Mating activity","CO",2025-10-01,2026,93,"summer",93,2026,13,NA,NA,"16051_Male combat (horn/antler)_2026"
2803,39.971001,-105.397003,409,"Cervus","elaphus","elk","Animalia",16051,344,"Young individuals",2025,1,5,5,2460681,NA,"16051_Young individuals","Young observed","CO",2025-01-05,2025,189,"calendar",5,2025,14,NA,NA,"16051_Young individuals_2025"
2803,39.971001,-105.397003,405,"Tamias","minimus","least chipmunk","Animalia",16052,310,"Fruit/seed consumption",2025,3,20,79,2460755,3,"16052_Fruit/seed consumption","Feeding","CO",2025-03-20,2025,263,"calendar",79,2025,15,NA,NA,"16052_Fruit/seed consumption_2025"
2803,39.971001,-105.397003,405,"Tamias","minimus","least chipmunk","Animalia",16052,311,"Nut gathering",2025,3,20,79,2460755,3,"16052_Nut gathering","Feeding","CO",2025-03-20,2025,263,"calendar",79,2025,15,NA,NA,"16052_Nut gathering_2025"
2803,39.971001,-105.397003,405,"Tamias","minimus","least chipmunk","Animalia",16052,344,"Young individuals",2025,5,6,126,2460802,11,"16052_Young individuals","Young observed","CO",2025-05-06,2025,310,"calendar",126,2025,14,NA,NA,"16052_Young individuals_2025"
2803,39.971001,-105.397003,264,"Odocoileus","hemionus","mule deer","Animalia",16053,344,"Young individuals",2025,3,20,79,2460755,3,"16053_Young individuals","Young observed","CO",2025-03-20,2025,263,"calendar",79,2025,12,NA,NA,"16053_Young individuals_2025"
8418,32.363758,-94.873947,1144,"Sciurus","carolinensis","eastern gray squirrel","Animalia",25350,310,"Fruit/seed consumption",2025,1,8,8,2460684,3,"25350_Fruit/seed consumption","Feeding","TX",2025-01-08,2025,192,"calendar",8,2025,12,NA,NA,"25350_Fruit/seed consumption_2025"
8418,32.363758,-94.873947,1144,"Sciurus","carolinensis","eastern gray squirrel","Animalia",25350,311,"Nut gathering",2025,1,23,23,2460699,4,"25350_Nut gathering","Feeding","TX",2025-01-23,2025,207,"calendar",23,2025,11,NA,NA,"25350_Nut gathering_2025"
8496,46.328629,-96.061256,1144,"Sciurus","carolinensis","eastern gray squirrel","Animalia",34923,310,"Fruit/seed consumption",2025,5,25,145,2460821,NA,"34923_Fruit/seed consumption","Feeding","MN",2025-05-25,2025,329,"calendar",145,2025,13,NA,NA,"34923_Fruit/seed consumption_2025"
10145,42.602543,-83.250992,410,"Sylvilagus","floridanus","eastern cottontail","Animalia",38884,344,"Young individuals",2025,7,9,190,2460866,1,"38884_Young individuals","Young observed","MI",2025-07-09,2026,9,"calendar",190,2025,11,NA,NA,"38884_Young individuals_2025"
10145,42.602543,-83.250992,1145,"Sciurus","niger","fox squirrel","Animalia",38896,311,"Nut gathering",2025,9,12,255,2460931,1,"38896_Nut gathering","Feeding","MI",2025-09-12,2026,74,"calendar",255,2025,9,NA,NA,"38896_Nut gathering_2025"
10145,42.602543,-83.250992,270,"Odocoileus","virginianus","white-tailed deer","Animalia",38973,344,"Young individuals",2025,5,20,140,2460816,1,"38973_Young individuals","Young observed","MI",2025-05-20,2025,324,"calendar",140,2025,10,NA,NA,"38973_Young individuals_2025"
10145,42.602543,-83.250992,266,"Marmota","monax","woodchuck","Animalia",38980,344,"Young individuals",2025,7,3,184,2460860,1,"38980_Young individuals","Young observed","MI",2025-07-03,2026,3,"calendar",184,2025,12,NA,NA,"38980_Young individuals_2025"
101,37.169998,-98.029999,1145,"Sciurus","niger","fox squirrel","Animalia",82543,310,"Fruit/seed consumption",2025,2,25,56,2460732,NA,"82543_Fruit/seed consumption","Feeding","KS",2025-02-25,2025,240,"calendar",56,2025,11,NA,NA,"82543_Fruit/seed consumption_2025"
101,37.169998,-98.029999,1145,"Sciurus","niger","fox squirrel","Animalia",82543,344,"Young individuals",2025,2,25,56,2460732,NA,"82543_Young individuals","Young observed","KS",2025-02-25,2025,240,"calendar",56,2025,11,NA,NA,"82543_Young individuals_2025"
