"site_id","latitude","longitude","species_id","genus","species","common_name","kingdom","individual_id","phenophase_id","phenophase_description","first_yes_year","first_yes_month","first_yes_day","first_yes_doy","first_yes_julian_date","numdays_since_prior_no","ind_phen","phenophase","state","first_yes_date","yeartype","dop","year","ind_phen_year","series_yrs"
1419,42.011166,-88.503304,288,"Bombus","spp.","bumblebee","Animalia",10284,312,"Flower visitation",2011,7,3,184,2455746,2,"10284_Flower visitation","Feeding","IL",2011-07-03,"calendar",184,2011,"10284_Flower visitation_2011",11
1419,42.011166,-88.503304,288,"Bombus","spp.","bumblebee","Animalia",10284,327,"Adults",2011,5,19,139,2455701,4,"10284_Adults","Adults observed","IL",2011-05-19,"calendar",139,2011,"10284_Adults_2011",11
5674,44.910587,-70.266861,396,"Danaus","plexippus","monarch","Animalia",12711,312,"Flower visitation",2011,8,9,221,2455783,4,"12711_Flower visitation","Feeding","ME",2011-08-09,"calendar",221,2011,"12711_Flower visitation_2011",10
5674,44.910587,-70.266861,396,"Danaus","plexippus","monarch","Animalia",12711,327,"Adults",2011,8,9,221,2455783,4,"12711_Adults","Adults observed","ME",2011-08-09,"calendar",221,2011,"12711_Adults_2011",10
2803,39.971001,-105.397003,288,"Bombus","spp.","bumblebee","Animalia",16049,312,"Flower visitation",2011,10,20,293,2455855,4,"16049_Flower visitation","Feeding","CO",2011-10-20,"calendar",293,2011,"16049_Flower visitation_2011",15
2803,39.971001,-105.397003,288,"Bombus","spp.","bumblebee","Animalia",16049,327,"Adults",2011,10,20,293,2455855,4,"16049_Adults","Adults observed","CO",2011-10-20,"calendar",293,2011,"16049_Adults_2011",14
1419,42.011166,-88.503304,288,"Bombus","spp.","bumblebee","Animalia",10284,312,"Flower visitation",2012,4,7,98,2456025,6,"10284_Flower visitation","Feeding","IL",2012-04-07,"calendar",98,2012,"10284_Flower visitation_2012",11
1419,42.011166,-88.503304,288,"Bombus","spp.","bumblebee","Animalia",10284,327,"Adults",2012,3,17,77,2456004,2,"10284_Adults","Adults observed","IL",2012-03-17,"calendar",77,2012,"10284_Adults_2012",11
2803,39.971001,-105.397003,288,"Bombus","spp.","bumblebee","Animalia",16049,312,"Flower visitation",2012,4,19,110,2456037,4,"16049_Flower visitation","Feeding","CO",2012-04-19,"calendar",110,2012,"16049_Flower visitation_2012",15
2803,39.971001,-105.397003,288,"Bombus","spp.","bumblebee","Animalia",16049,327,"Adults",2012,4,1,92,2456019,3,"16049_Adults","Adults observed","CO",2012-04-01,"calendar",92,2012,"16049_Adults_2012",14
8496,46.328629,-96.061256,396,"Danaus","plexippus","monarch","Animalia",25783,312,"Flower visitation",2012,5,7,128,2456055,2,"25783_Flower visitation","Feeding","MN",2012-05-07,"calendar",128,2012,"25783_Flower visitation_2012",10
8496,46.328629,-96.061256,396,"Danaus","plexippus","monarch","Animalia",25783,327,"Adults",2012,5,7,128,2456055,2,"25783_Adults","Adults observed","MN",2012-05-07,"calendar",128,2012,"25783_Adults_2012",11
8736,44.903229,-93.217445,288,"Bombus","spp.","bumblebee","Animalia",28350,312,"Flower visitation",2012,6,14,166,2456093,1,"28350_Flower visitation","Feeding","MN",2012-06-14,"calendar",166,2012,"28350_Flower visitation_2012",9
8736,44.903229,-93.217445,288,"Bombus","spp.","bumblebee","Animalia",28350,327,"Adults",2012,6,14,166,2456093,1,"28350_Adults","Adults observed","MN",2012-06-14,"calendar",166,2012,"28350_Adults_2012",9
8736,44.903229,-93.217445,391,"Pieris","rapae","cabbage white","Animalia",28351,327,"Adults",2012,6,1,153,2456080,5,"28351_Adults","Adults observed","MN",2012-06-01,"calendar",153,2012,"28351_Adults_2012",10
8736,44.903229,-93.217445,396,"Danaus","plexippus","monarch","Animalia",28352,312,"Flower visitation",2012,7,5,187,2456114,1,"28352_Flower visitation","Feeding","MN",2012-07-05,"calendar",187,2012,"28352_Flower visitation_2012",10
8736,44.903229,-93.217445,396,"Danaus","plexippus","monarch","Animalia",28352,327,"Adults",2012,7,5,187,2456114,1,"28352_Adults","Adults observed","MN",2012-07-05,"calendar",187,2012,"28352_Adults_2012",10
8736,44.903229,-93.217445,393,"Vanessa","atalanta","red admiral","Animalia",28355,327,"Adults",2012,6,9,161,2456088,2,"28355_Adults","Adults observed","MN",2012-06-09,"calendar",161,2012,"28355_Adults_2012",9
8418,32.363758,-94.873947,288,"Bombus","spp.","bumblebee","Animalia",30797,312,"Flower visitation",2012,8,25,238,2456165,4,"30797_Flower visitation","Feeding","TX",2012-08-25,"calendar",238,2012,"30797_Flower visitation_2012",11
8418,32.363758,-94.873947,288,"Bombus","spp.","bumblebee","Animalia",30797,327,"Adults",2012,8,25,238,2456165,4,"30797_Adults","Adults observed","TX",2012-08-25,"calendar",238,2012,"30797_Adults_2012",11
1419,42.011166,-88.503304,288,"Bombus","spp.","bumblebee","Animalia",10284,312,"Flower visitation",2013,5,18,138,2456431,6,"10284_Flower visitation","Feeding","IL",2013-05-18,"calendar",138,2013,"10284_Flower visitation_2013",11
1419,42.011166,-88.503304,288,"Bombus","spp.","bumblebee","Animalia",10284,327,"Adults",2013,5,18,138,2456431,6,"10284_Adults","Adults observed","IL",2013-05-18,"calendar",138,2013,"10284_Adults_2013",11
5674,44.910587,-70.266861,396,"Danaus","plexippus","monarch","Animalia",12711,312,"Flower visitation",2013,6,2,153,2456446,7,"12711_Flower visitation","Feeding","ME",2013-06-02,"calendar",153,2013,"12711_Flower visitation_2013",10
5674,44.910587,-70.266861,396,"Danaus","plexippus","monarch","Animalia",12711,327,"Adults",2013,6,2,153,2456446,7,"12711_Adults","Adults observed","ME",2013-06-02,"calendar",153,2013,"12711_Adults_2013",10
2803,39.971001,-105.397003,288,"Bombus","spp.","bumblebee","Animalia",16049,312,"Flower visitation",2013,6,9,160,2456453,3,"16049_Flower visitation","Feeding","CO",2013-06-09,"calendar",160,2013,"16049_Flower visitation_2013",15
2803,39.971001,-105.397003,288,"Bombus","spp.","bumblebee","Animalia",16049,327,"Adults",2013,5,12,132,2456425,3,"16049_Adults","Adults observed","CO",2013-05-12,"calendar",132,2013,"16049_Adults_2013",14
8496,46.328629,-96.061256,396,"Danaus","plexippus","monarch","Animalia",25783,312,"Flower visitation",2013,8,30,242,2456535,5,"25783_Flower visitation","Feeding","MN",2013-08-30,"calendar",242,2013,"25783_Flower visitation_2013",10
8496,46.328629,-96.061256,396,"Danaus","plexippus","monarch","Animalia",25783,327,"Adults",2013,6,7,158,2456451,3,"25783_Adults","Adults observed","MN",2013-06-07,"calendar",158,2013,"25783_Adults_2013",11
8736,44.903229,-93.217445,288,"Bombus","spp.","bumblebee","Animalia",28350,312,"Flower visitation",2013,7,1,182,2456475,2,"28350_Flower visitation","Feeding","MN",2013-07-01,"calendar",182,2013,"28350_Flower visitation_2013",9
8736,44.903229,-93.217445,288,"Bombus","spp.","bumblebee","Animalia",28350,327,"Adults",2013,6,29,180,2456473,2,"28350_Adults","Adults observed","MN",2013-06-29,"calendar",180,2013,"28350_Adults_2013",9
8736,44.903229,-93.217445,391,"Pieris","rapae","cabbage white","Animalia",28351,327,"Adults",2013,8,16,228,2456521,4,"28351_Adults","Adults observed","MN",2013-08-16,"calendar",228,2013,"28351_Adults_2013",10
8736,44.903229,-93.217445,396,"Danaus","plexippus","monarch","Animalia",28352,312,"Flower visitation",2013,8,19,231,2456524,3,"28352_Flower visitation","Feeding","MN",2013-08-19,"calendar",231,2013,"28352_Flower visitation_2013",10
8736,44.903229,-93.217445,396,"Danaus","plexippus","monarch","Animalia",28352,327,"Adults",2013,8,19,231,2456524,3,"28352_Adults","Adults observed","MN",2013-08-19,"calendar",231,2013,"28352_Adults_2013",10
8736,44.903229,-93.217445,393,"Vanessa","atalanta","red admiral","Animalia",28355,327,"Adults",2013,7,10,191,2456484,3,"28355_Adults","Adults observed","MN",2013-07-10,"calendar",191,2013,"28355_Adults_2013",9
8418,32.363758,-94.873947,288,"Bombus","spp.","bumblebee","Animalia",30797,312,"Flower visitation",2013,3,18,77,2456370,5,"30797_Flower visitation","Feeding","TX",2013-03-18,"calendar",77,2013,"30797_Flower visitation_2013",11
8418,32.363758,-94.873947,288,"Bombus","spp.","bumblebee","Animalia",30797,327,"Adults",2013,3,18,77,2456370,5,"30797_Adults","Adults observed","TX",2013-03-18,"calendar",77,2013,"30797_Adults_2013",11
10145,42.602543,-83.250992,288,"Bombus","spp.","bumblebee","Animalia",38858,327,"Adults",2013,6,16,167,2456460,1,"38858_Adults","Adults observed","MI",2013-06-16,"calendar",167,2013,"38858_Adults_2013",13
10145,42.602543,-83.250992,391,"Pieris","rapae","cabbage white","Animalia",38859,327,"Adults",2013,5,6,126,2456419,1,"38859_Adults","Adults observed","MI",2013-05-06,"calendar",126,2013,"38859_Adults_2013",13
10145,42.602543,-83.250992,272,"Anax","junius","common green darner","Animalia",38869,327,"Adults",2013,8,20,232,2456525,1,"38869_Adults","Adults observed","MI",2013-08-20,"calendar",232,2013,"38869_Adults_2013",13
10145,42.602543,-83.250992,396,"Danaus","plexippus","monarch","Animalia",38919,327,"Adults",2013,8,2,214,2456507,1,"38919_Adults","Adults observed","MI",2013-08-02,"calendar",214,2013,"38919_Adults_2013",13
10145,42.602543,-83.250992,1137,"Nymphalis","antiopa","mourning cloak","Animalia",38921,327,"Adults",2013,10,1,274,2456567,1,"38921_Adults","Adults observed","MI",2013-10-01,"calendar",274,2013,"38921_Adults_2013",11
10145,42.602543,-83.250992,1132,"Colias","eurytheme","orange sulphur","Animalia",38930,327,"Adults",2013,8,22,234,2456527,1,"38930_Adults","Adults observed","MI",2013-08-22,"calendar",234,2013,"38930_Adults_2013",13
1419,42.011166,-88.503304,288,"Bombus","spp.","bumblebee","Animalia",10284,312,"Flower visitation",2014,8,23,235,2456893,4,"10284_Flower visitation","Feeding","IL",2014-08-23,"calendar",235,2014,"10284_Flower visitation_2014",11
1419,42.011166,-88.503304,288,"Bombus","spp.","bumblebee","Animalia",10284,327,"Adults",2014,5,6,126,2456784,2,"10284_Adults","Adults observed","IL",2014-05-06,"calendar",126,2014,"10284_Adults_2014",11
5674,44.910587,-70.266861,396,"Danaus","plexippus","monarch","Animalia",12711,312,"Flower visitation",2014,6,8,159,2456817,7,"12711_Flower visitation","Feeding","ME",2014-06-08,"calendar",159,2014,"12711_Flower visitation_2014",10
5674,44.910587,-70.266861,396,"Danaus","plexippus","monarch","Animalia",12711,327,"Adults",2014,6,8,159,2456817,7,"12711_Adults","Adults observed","ME",2014-06-08,"calendar",159,2014,"12711_Adults_2014",10
2803,39.971001,-105.397003,288,"Bombus","spp.","bumblebee","Animalia",16049,312,"Flower visitation",2014,10,5,278,2456936,2,"16049_Flower visitation","Feeding","CO",2014-10-05,"calendar",278,2014,"16049_Flower visitation_2014",15
2803,39.971001,-105.397003,288,"Bombus","spp.","bumblebee","Animalia",16049,327,"Adults",2014,4,20,110,2456768,2,"16049_Adults","Adults observed","CO",2014-04-20,"calendar",110,2014,"16049_Adults_2014",14
8496,46.328629,-96.061256,396,"Danaus","plexippus","monarch","Animalia",25783,312,"Flower visitation",2014,7,28,209,2456867,4,"25783_Flower visitation","Feeding","MN",2014-07-28,"calendar",209,2014,"25783_Flower visitation_2014",10
8496,46.328629,-96.061256,396,"Danaus","plexippus","monarch","Animalia",25783,327,"Adults",2014,6,8,159,2456817,2,"25783_Adults","Adults observed","MN",2014-06-08,"calendar",159,2014,"25783_Adults_2014",11
8736,44.903229,-93.217445,288,"Bombus","spp.","bumblebee","Animalia",28350,312,"Flower visitation",2014,5,23,143,2456801,3,"28350_Flower visitation","Feeding","MN",2014-05-23,"calendar",143,2014,"28350_Flower visitation_2014",9
8736,44.903229,-93.217445,288,"Bombus","spp.","bumblebee","Animalia",28350,327,"Adults",2014,5,20,140,2456798,2,"28350_Adults","Adults observed","MN",2014-05-20,"calendar",140,2014,"28350_Adults_2014",9
8736,44.903229,-93.217445,391,"Pieris","rapae","cabbage white","Animalia",28351,327,"Adults",2014,6,26,177,2456835,3,"28351_Adults","Adults observed","MN",2014-06-26,"calendar",177,2014,"28351_Adults_2014",10
8736,44.903229,-93.217445,396,"Danaus","plexippus","monarch","Animalia",28352,312,"Flower visitation",2014,8,1,213,2456871,3,"28352_Flower visitation","Feeding","MN",2014-08-01,"calendar",213,2014,"28352_Flower visitation_2014",10
8736,44.903229,-93.217445,396,"Danaus","plexippus","monarch","Animalia",28352,327,"Adults",2014,7,5,186,2456844,2,"28352_Adults","Adults observed","MN",2014-07-05,"calendar",186,2014,"28352_Adults_2014",10
8736,44.903229,-93.217445,393,"Vanessa","atalanta","red admiral","Animalia",28355,327,"Adults",2014,6,16,167,2456825,6,"28355_Adults","Adults observed","MN",2014-06-16,"calendar",167,2014,"28355_Adults_2014",9
8418,32.363758,-94.873947,288,"Bombus","spp.","bumblebee","Animalia",30797,312,"Flower visitation",2014,4,2,92,2456750,3,"30797_Flower visitation","Feeding","TX",2014-04-02,"calendar",92,2014,"30797_Flower visitation_2014",11
8418,32.363758,-94.873947,288,"Bombus","spp.","bumblebee","Animalia",30797,327,"Adults",2014,4,2,92,2456750,3,"30797_Adults","Adults observed","TX",2014-04-02,"calendar",92,2014,"30797_Adults_2014",11
10145,42.602543,-83.250992,288,"Bombus","spp.","bumblebee","Animalia",38858,327,"Adults",2014,5,6,126,2456784,1,"38858_Adults","Adults observed","MI",2014-05-06,"calendar",126,2014,"38858_Adults_2014",13
10145,42.602543,-83.250992,391,"Pieris","rapae","cabbage white","Animalia",38859,327,"Adults",2014,5,6,126,2456784,1,"38859_Adults","Adults observed","MI",2014-05-06,"calendar",126,2014,"38859_Adults_2014",13
10145,42.602543,-83.250992,272,"Anax","junius","common green darner","Animalia",38869,327,"Adults",2014,7,25,206,2456864,1,"38869_Adults","Adults observed","MI",2014-07-25,"calendar",206,2014,"38869_Adults_2014",13
10145,42.602543,-83.250992,396,"Danaus","plexippus","monarch","Animalia",38919,327,"Adults",2014,7,1,182,2456840,1,"38919_Adults","Adults observed","MI",2014-07-01,"calendar",182,2014,"38919_Adults_2014",13
10145,42.602543,-83.250992,1132,"Colias","eurytheme","orange sulphur","Animalia",38930,327,"Adults",2014,5,29,149,2456807,2,"38930_Adults","Adults observed","MI",2014-05-29,"calendar",149,2014,"38930_Adults_2014",13
10145,42.602543,-83.250992,393,"Vanessa","atalanta","red admiral","Animalia",38941,327,"Adults",2014,5,11,131,2456789,1,"38941_Adults","Adults observed","MI",2014-05-11,"calendar",131,2014,"38941_Adults_2014",11
10145,42.602543,-83.250992,1238,"Apis","mellifera","honeybee","Animalia",69919,327,"Adults",2014,5,24,144,2456802,1,"69919_Adults","Adults observed","MI",2014-05-24,"calendar",144,2014,"69919_Adults_2014",11
16876,41.745537,-74.119392,396,"Danaus","plexippus","monarch","Animalia",72969,312,"Flower visitation",2014,8,29,241,2456899,3,"72969_Flower visitation","Feeding","NY",2014-08-29,"calendar",241,2014,"72969_Flower visitation_2014",10
16876,41.745537,-74.119392,396,"Danaus","plexippus","monarch","Animalia",72969,327,"Adults",2014,8,29,241,2456899,3,"72969_Adults","Adults observed","NY",2014-08-29,"calendar",241,2014,"72969_Adults_2014",11
20969,33.632149,-117.55545,1383,"Adelpha","californica","California sister","Animalia",90203,327,"Adults",2014,3,16,75,2456733,1,"90203_Adults","Adults observed","CA",2014-03-16,"calendar",75,2014,"90203_Adults_2014",10
20969,33.632149,-117.55545,1135,"Junonia","coenia","common buckeye","Animalia",90204,327,"Adults",2014,4,5,95,2456753,2,"90204_Adults","Adults observed","CA",2014-04-05,"calendar",95,2014,"90204_Adults_2014",10
20969,33.632149,-117.55545,1388,"Coenonympha","tullia","common ringlet","Animalia",90205,327,"Adults",2014,3,16,75,2456733,1,"90205_Adults","Adults observed","CA",2014-03-16,"calendar",75,2014,"90205_Adults_2014",10
1419,42.011166,-88.503304,288,"Bombus","spp.","bumblebee","Animalia",10284,312,"Flower visitation",2015,4,17,107,2457130,6,"10284_Flower visitation","Feeding","IL",2015-04-17,"calendar",107,2015,"10284_Flower visitation_2015",11
1419,42.011166,-88.503304,288,"Bombus","spp.","bumblebee","Animalia",10284,327,"Adults",2015,4,17,107,2457130,6,"10284_Adults","Adults observed","IL",2015-04-17,"calendar",107,2015,"10284_Adults_2015",11
2803,39.971001,-105.397003,288,"Bombus","spp.","bumblebee","Animalia",16049,312,"Flower visitation",2015,5,31,151,2457174,6,"16049_Flower visitation","Feeding","CO",2015-05-31,"calendar",151,2015,"16049_Flower visitation_2015",15
2803,39.971001,-105.397003,288,"Bombus","spp.","bumblebee","Animalia",16049,327,"Adults",2015,4,5,95,2457118,3,"16049_Adults","Adults observed","CO",2015-04-05,"calendar",95,2015,"16049_Adults_2015",14
8496,46.328629,-96.061256,396,"Danaus","plexippus","monarch","Animalia",25783,312,"Flower visitation",2015,10,1,274,2457297,7,"25783_Flower visitation","Feeding","MN",2015-10-01,"calendar",274,2015,"25783_Flower visitation_2015",10
8496,46.328629,-96.061256,396,"Danaus","plexippus","monarch","Animalia",25783,327,"Adults",2015,6,11,162,2457185,2,"25783_Adults","Adults observed","MN",2015-06-11,"calendar",162,2015,"25783_Adults_2015",11
8736,44.903229,-93.217445,288,"Bombus","spp.","bumblebee","Animalia",28350,312,"Flower visitation",2015,5,4,124,2457147,7,"28350_Flower visitation","Feeding","MN",2015-05-04,"calendar",124,2015,"28350_Flower visitation_2015",9
8736,44.903229,-93.217445,288,"Bombus","spp.","bumblebee","Animalia",28350,327,"Adults",2015,6,4,155,2457178,3,"28350_Adults","Adults observed","MN",2015-06-04,"calendar",155,2015,"28350_Adults_2015",9
8736,44.903229,-93.217445,391,"Pieris","rapae","cabbage white","Animalia",28351,327,"Adults",2015,4,30,120,2457143,3,"28351_Adults","Adults observed","MN",2015-04-30,"calendar",120,2015,"28351_Adults_2015",10
8736,44.903229,-93.217445,396,"Danaus","plexippus","monarch","Animalia",28352,312,"Flower visitation",2015,7,9,190,2457213,1,"28352_Flower visitation","Feeding","MN",2015-07-09,"calendar",190,2015,"28352_Flower visitation_2015",10
8736,44.903229,-93.217445,396,"Danaus","plexippus","monarch","Animalia",28352,327,"Adults",2015,7,9,190,2457213,1,"28352_Adults","Adults observed","MN",2015-07-09,"calendar",190,2015,"28352_Adults_2015",10
8736,44.903229,-93.217445,393,"Vanessa","atalanta","red admiral","Animalia",28355,327,"Adults",2015,5,22,142,2457165,5,"28355_Adults","Adults observed","MN",2015-05-22,"calendar",142,2015,"28355_Adults_2015",9
8418,32.363758,-94.873947,288,"Bombus","spp.","bumblebee","Animalia",30797,312,"Flower visitation",2015,3,25,84,2457107,3,"30797_Flower visitation","Feeding","TX",2015-03-25,"calendar",84,2015,"30797_Flower visitation_2015",11
8418,32.363758,-94.873947,288,"Bombus","spp.","bumblebee","Animalia",30797,327,"Adults",2015,3,25,84,2457107,3,"30797_Adults","Adults observed","TX",2015-03-25,"calendar",84,2015,"30797_Adults_2015",11
10145,42.602543,-83.250992,288,"Bombus","spp.","bumblebee","Animalia",38858,327,"Adults",2015,5,1,121,2457144,1,"38858_Adults","Adults observed","MI",2015-05-01,"calendar",121,2015,"38858_Adults_2015",13
10145,42.602543,-83.250992,391,"Pieris","rapae","cabbage white","Animalia",38859,327,"Adults",2015,5,1,121,2457144,1,"38859_Adults","Adults observed","MI",2015-05-01,"calendar",121,2015,"38859_Adults_2015",13
10145,42.602543,-83.250992,272,"Anax","junius","common green darner","Animalia",38869,327,"Adults",2015,5,18,138,2457161,1,"38869_Adults","Adults observed","MI",2015-05-18,"calendar",138,2015,"38869_Adults_2015",13
10145,42.602543,-83.250992,396,"Danaus","plexippus","monarch","Animalia",38919,327,"Adults",2015,6,22,173,2457196,1,"38919_Adults","Adults observed","MI",2015-06-22,"calendar",173,2015,"38919_Adults_2015",13
10145,42.602543,-83.250992,1137,"Nymphalis","antiopa","mourning cloak","Animalia",38921,327,"Adults",2015,5,3,123,2457146,1,"38921_Adults","Adults observed","MI",2015-05-03,"calendar",123,2015,"38921_Adults_2015",11
10145,42.602543,-83.250992,1132,"Colias","eurytheme","orange sulphur","Animalia",38930,327,"Adults",2015,7,15,196,2457219,1,"38930_Adults","Adults observed","MI",2015-07-15,"calendar",196,2015,"38930_Adults_2015",13
10145,42.602543,-83.250992,393,"Vanessa","atalanta","red admiral","Animalia",38941,327,"Adults",2015,5,22,142,2457165,1,"38941_Adults","Adults observed","MI",2015-05-22,"calendar",142,2015,"38941_Adults_2015",11
16876,41.745537,-74.119392,396,"Danaus","plexippus","monarch","Animalia",72969,312,"Flower visitation",2015,8,8,220,2457243,2,"72969_Flower visitation","Feeding","NY",2015-08-08,"calendar",220,2015,"72969_Flower visitation_2015",10
16876,41.745537,-74.119392,396,"Danaus","plexippus","monarch","Animalia",72969,327,"Adults",2015,5,27,147,2457170,1,"72969_Adults","Adults observed","NY",2015-05-27,"calendar",147,2015,"72969_Adults_2015",11
17414,42.936153,-73.433449,396,"Danaus","plexippus","monarch","Animalia",86971,312,"Flower visitation",2015,8,16,228,2457251,7,"86971_Flower visitation","Feeding","NY",2015-08-16,"calendar",228,2015,"86971_Flower visitation_2015",10
17414,42.936153,-73.433449,396,"Danaus","plexippus","monarch","Animalia",86971,327,"Adults",2015,5,30,150,2457173,6,"86971_Adults","Adults observed","NY",2015-05-30,"calendar",150,2015,"86971_Adults_2015",11
20969,33.632149,-117.55545,1383,"Adelpha","californica","California sister","Animalia",90203,327,"Adults",2015,2,5,36,2457059,5,"90203_Adults","Adults observed","CA",2015-02-05,"calendar",36,2015,"90203_Adults_2015",10
20969,33.632149,-117.55545,1135,"Junonia","coenia","common buckeye","Animalia",90204,327,"Adults",2015,4,3,93,2457116,6,"90204_Adults","Adults observed","CA",2015-04-03,"calendar",93,2015,"90204_Adults_2015",10
20969,33.632149,-117.55545,1388,"Coenonympha","tullia","common ringlet","Animalia",90205,327,"Adults",2015,4,19,109,2457132,6,"90205_Adults","Adults observed","CA",2015-04-19,"calendar",109,2015,"90205_Adults_2015",10
20969,33.632149,-117.55545,1384,"Anthocharis","sara","Pacific orangetip","Animalia",90206,327,"Adults",2015,1,18,18,2457041,3,"90206_Adults","Adults observed","CA",2015-01-18,"calendar",18,2015,"90206_Adults_2015",10
1419,42.011166,-88.503304,288,"Bombus","spp.","bumblebee","Animalia",10284,312,"Flower visitation",2016,8,17,230,2457618,3,"10284_Flower visitation","Feeding","IL",2016-08-17,"calendar",230,2016,"10284_Flower visitation_2016",11
1419,42.011166,-88.503304,288,"Bombus","spp.","bumblebee","Animalia",10284,327,"Adults",2016,4,16,107,2457495,1,"10284_Adults","Adults observed","IL",2016-04-16,"calendar",107,2016,"10284_Adults_2016",11
2803,39.971001,-105.397003,288,"Bombus","spp.","bumblebee","Animalia",16049,312,"Flower visitation",2016,5,29,150,2457538,2,"16049_Flower visitation","Feeding","CO",2016-05-29,"calendar",150,2016,"16049_Flower visitation_2016",15
2803,39.971001,-105.397003,288,"Bombus","spp.","bumblebee","Animalia",16049,327,"Adults",2016,5,6,127,2457515,5,"16049_Adults","Adults observed","CO",2016-05-06,"calendar",127,2016,"16049_Adults_2016",14
8496,46.328629,-96.061256,396,"Danaus","plexippus","monarch","Animalia",25783,312,"Flower visitation",2016,8,4,217,2457605,7,"25783_Flower visitation","Feeding","MN",2016-08-04,"calendar",217,2016,"25783_Flower visitation_2016",10
8496,46.328629,-96.061256,396,"Danaus","plexippus","monarch","Animalia",25783,327,"Adults",2016,7,15,197,2457585,5,"25783_Adults","Adults observed","MN",2016-07-15,"calendar",197,2016,"25783_Adults_2016",11
8736,44.903229,-93.217445,288,"Bombus","spp.","bumblebee","Animalia",28350,312,"Flower visitation",2016,5,5,126,2457514,2,"28350_Flower visitation","Feeding","MN",2016-05-05,"calendar",126,2016,"28350_Flower visitation_2016",9
8736,44.903229,-93.217445,288,"Bombus","spp.","bumblebee","Animalia",28350,327,"Adults",2016,4,16,107,2457495,1,"28350_Adults","Adults observed","MN",2016-04-16,"calendar",107,2016,"28350_Adults_2016",9
8736,44.903229,-93.217445,391,"Pieris","rapae","cabbage white","Animalia",28351,327,"Adults",2016,5,6,127,2457515,3,"28351_Adults","Adults observed","MN",2016-05-06,"calendar",127,2016,"28351_Adults_2016",10
8736,44.903229,-93.217445,396,"Danaus","plexippus","monarch","Animalia",28352,312,"Flower visitation",2016,7,3,185,2457573,4,"28352_Flower visitation","Feeding","MN",2016-07-03,"calendar",185,2016,"28352_Flower visitation_2016",10
8736,44.903229,-93.217445,396,"Danaus","plexippus","monarch","Animalia",28352,327,"Adults",2016,7,3,185,2457573,4,"28352_Adults","Adults observed","MN",2016-07-03,"calendar",185,2016,"28352_Adults_2016",10
8736,44.903229,-93.217445,393,"Vanessa","atalanta","red admiral","Animalia",28355,327,"Adults",2016,5,6,127,2457515,1,"28355_Adults","Adults observed","MN",2016-05-06,"calendar",127,2016,"28355_Adults_2016",9
8418,32.363758,-94.873947,288,"Bombus","spp.","bumblebee","Animalia",30797,312,"Flower visitation",2016,3,23,83,2457471,3,"30797_Flower visitation","Feeding","TX",2016-03-23,"calendar",83,2016,"30797_Flower visitation_2016",11
8418,32.363758,-94.873947,288,"Bombus","spp.","bumblebee","Animalia",30797,327,"Adults",2016,3,23,83,2457471,3,"30797_Adults","Adults observed","TX",2016-03-23,"calendar",83,2016,"30797_Adults_2016",11
10145,42.602543,-83.250992,288,"Bombus","spp.","bumblebee","Animalia",38858,327,"Adults",2016,5,5,126,2457514,1,"38858_Adults","Adults observed","MI",2016-05-05,"calendar",126,2016,"38858_Adults_2016",13
10145,42.602543,-83.250992,391,"Pieris","rapae","cabbage white","Animalia",38859,327,"Adults",2016,4,21,112,2457500,2,"38859_Adults","Adults observed","MI",2016-04-21,"calendar",112,2016,"38859_Adults_2016",13
10145,42.602543,-83.250992,272,"Anax","junius","common green darner","Animalia",38869,327,"Adults",2016,6,29,181,2457569,1,"38869_Adults","Adults observed","MI",2016-06-29,"calendar",181,2016,"38869_Adults_2016",13
10145,42.602543,-83.250992,396,"Danaus","plexippus","monarch","Animalia",38919,327,"Adults",2016,7,30,212,2457600,1,"38919_Adults","Adults observed","MI",2016-07-30,"calendar",212,2016,"38919_Adults_2016",13
10145,42.602543,-83.250992,1137,"Nymphalis","antiopa","mourning cloak","Animalia",38921,327,"Adults",2016,6,26,178,2457566,1,"38921_Adults","Adults observed","MI",2016-06-26,"calendar",178,2016,"38921_Adults_2016",11
10145,42.602543,-83.250992,1132,"Colias","eurytheme","orange sulphur","Animalia",38930,327,"Adults",2016,6,4,156,2457544,1,"38930_Adults","Adults observed","MI",2016-06-04,"calendar",156,2016,"38930_Adults_2016",13
10145,42.602543,-83.250992,393,"Vanessa","atalanta","red admiral","Animalia",38941,327,"Adults",2016,5,20,141,2457529,1,"38941_Adults","Adults observed","MI",2016-05-20,"calendar",141,2016,"38941_Adults_2016",11
10145,42.602543,-83.250992,1238,"Apis","mellifera","honeybee","Animalia",69919,327,"Adults",2016,5,22,143,2457531,1,"69919_Adults","Adults observed","MI",2016-05-22,"calendar",143,2016,"69919_Adults_2016",11
16876,41.745537,-74.119392,396,"Danaus","plexippus","monarch","Animalia",72969,312,"Flower visitation",2016,8,17,230,2457618,3,"72969_Flower visitation","Feeding","NY",2016-08-17,"calendar",230,2016,"72969_Flower visitation_2016",10
16876,41.745537,-74.119392,396,"Danaus","plexippus","monarch","Animalia",72969,327,"Adults",2016,6,14,166,2457554,4,"72969_Adults","Adults observed","NY",2016-06-14,"calendar",166,2016,"72969_Adults_2016",11
17414,42.936153,-73.433449,396,"Danaus","plexippus","monarch","Animalia",86971,312,"Flower visitation",2016,8,12,225,2457613,6,"86971_Flower visitation","Feeding","NY",2016-08-12,"calendar",225,2016,"86971_Flower visitation_2016",10
17414,42.936153,-73.433449,396,"Danaus","plexippus","monarch","Animalia",86971,327,"Adults",2016,7,2,184,2457572,7,"86971_Adults","Adults observed","NY",2016-07-02,"calendar",184,2016,"86971_Adults_2016",11
20969,33.632149,-117.55545,1383,"Adelpha","californica","California sister","Animalia",90203,327,"Adults",2016,1,28,28,2457416,6,"90203_Adults","Adults observed","CA",2016-01-28,"calendar",28,2016,"90203_Adults_2016",10
20969,33.632149,-117.55545,1135,"Junonia","coenia","common buckeye","Animalia",90204,327,"Adults",2016,1,28,28,2457416,6,"90204_Adults","Adults observed","CA",2016-01-28,"calendar",28,2016,"90204_Adults_2016",10
20969,33.632149,-117.55545,1388,"Coenonympha","tullia","common ringlet","Animalia",90205,327,"Adults",2016,2,26,57,2457445,6,"90205_Adults","Adults observed","CA",2016-02-26,"calendar",57,2016,"90205_Adults_2016",10
20969,33.632149,-117.55545,1384,"Anthocharis","sara","Pacific orangetip","Animalia",90206,327,"Adults",2016,1,28,28,2457416,6,"90206_Adults","Adults observed","CA",2016-01-28,"calendar",28,2016,"90206_Adults_2016",10
22613,32.33926,-110.981728,1131,"Calephelis","nemesis","fatal metalmark","Animalia",100905,327,"Adults",2016,6,10,162,2457550,6,"100905_Adults","Adults observed","AZ",2016-06-10,"calendar",162,2016,"100905_Adults_2016",10
22613,32.33926,-110.981728,1403,"Papilio","cresphontes","giant swallowtail","Animalia",100906,327,"Adults",2016,8,6,219,2457607,7,"100906_Adults","Adults observed","AZ",2016-08-06,"calendar",219,2016,"100906_Adults_2016",10
22613,32.33926,-110.981728,1391,"Agraulis","vanillae","gulf fritillary","Animalia",100907,327,"Adults",2016,12,3,338,2457726,7,"100907_Adults","Adults observed","AZ",2016-12-03,"calendar",338,2016,"100907_Adults_2016",10
22613,32.33926,-110.981728,396,"Danaus","plexippus","monarch","Animalia",100909,327,"Adults",2016,7,2,184,2457572,7,"100909_Adults","Adults observed","AZ",2016-07-02,"calendar",184,2016,"100909_Adults_2016",10
22613,32.33926,-110.981728,1129,"Battus","philenor","pipevine swallowtail","Animalia",100912,327,"Adults",2016,6,10,162,2457550,6,"100912_Adults","Adults observed","AZ",2016-06-10,"calendar",162,2016,"100912_Adults_2016",9
22613,32.33926,-110.981728,1133,"Danaus","gilippus","queen","Animalia",100913,327,"Adults",2016,4,23,114,2457502,7,"100913_Adults","Adults observed","AZ",2016-04-23,"calendar",114,2016,"100913_Adults_2016",10
1419,42.011166,-88.503304,288,"Bombus","spp.","bumblebee","Animalia",10284,312,"Flower visitation",2017,6,16,167,2457921,4,"10284_Flower visitation","Feeding","IL",2017-06-16,"calendar",167,2017,"10284_Flower visitation_2017",11
1419,42.011166,-88.503304,288,"Bombus","spp.","bumblebee","Animalia",10284,327,"Adults",2017,6,16,167,2457921,4,"10284_Adults","Adults observed","IL",2017-06-16,"calendar",167,2017,"10284_Adults_2017",11
2803,39.971001,-105.397003,288,"Bombus","spp.","bumblebee","Animalia",16049,312,"Flower visitation",2017,5,15,135,2457889,3,"16049_Flower visitation","Feeding","CO",2017-05-15,"calendar",135,2017,"16049_Flower visitation_2017",15
2803,39.971001,-105.397003,288,"Bombus","spp.","bumblebee","Animalia",16049,327,"Adults",2017,4,15,105,2457859,2,"16049_Adults","Adults observed","CO",2017-04-15,"calendar",105,2017,"16049_Adults_2017",14
8496,46.328629,-96.061256,396,"Danaus","plexippus","monarch","Animalia",25783,312,"Flower visitation",2017,7,27,208,2457962,7,"25783_Flower visitation","Feeding","MN",2017-07-27,"calendar",208,2017,"25783_Flower visitation_2017",10
8496,46.328629,-96.061256,396,"Danaus","plexippus","monarch","Animalia",25783,327,"Adults",2017,7,20,201,2457955,5,"25783_Adults","Adults observed","MN",2017-07-20,"calendar",201,2017,"25783_Adults_2017",11
8736,44.903229,-93.217445,288,"Bombus","spp.","bumblebee","Animalia",28350,312,"Flower visitation",2017,4,29,119,2457873,4,"28350_Flower visitation","Feeding","MN",2017-04-29,"calendar",119,2017,"28350_Flower visitation_2017",9
8736,44.903229,-93.217445,288,"Bombus","spp.","bumblebee","Animalia",28350,327,"Adults",2017,4,29,119,2457873,4,"28350_Adults","Adults observed","MN",2017-04-29,"calendar",119,2017,"28350_Adults_2017",9
8736,44.903229,-93.217445,391,"Pieris","rapae","cabbage white","Animalia",28351,327,"Adults",2017,5,2,122,2457876,7,"28351_Adults","Adults observed","MN",2017-05-02,"calendar",122,2017,"28351_Adults_2017",10
8736,44.903229,-93.217445,396,"Danaus","plexippus","monarch","Animalia",28352,312,"Flower visitation",2017,7,5,186,2457940,1,"28352_Flower visitation","Feeding","MN",2017-07-05,"calendar",186,2017,"28352_Flower visitation_2017",10
8736,44.903229,-93.217445,396,"Danaus","plexippus","monarch","Animalia",28352,327,"Adults",2017,7,4,185,2457939,1,"28352_Adults","Adults observed","MN",2017-07-04,"calendar",185,2017,"28352_Adults_2017",10
8736,44.903229,-93.217445,393,"Vanessa","atalanta","red admiral","Animalia",28355,327,"Adults",2017,6,2,153,2457907,2,"28355_Adults","Adults observed","MN",2017-06-02,"calendar",153,2017,"28355_Adults_2017",9
8418,32.363758,-94.873947,288,"Bombus","spp.","bumblebee","Animalia",30797,312,"Flower visitation",2017,2,22,53,2457807,3,"30797_Flower visitation","Feeding","TX",2017-02-22,"calendar",53,2017,"30797_Flower visitation_2017",11
8418,32.363758,-94.873947,288,"Bombus","spp.","bumblebee","Animalia",30797,327,"Adults",2017,2,22,53,2457807,3,"30797_Adults","Adults observed","TX",2017-02-22,"calendar",53,2017,"30797_Adults_2017",11
10145,42.602543,-83.250992,288,"Bombus","spp.","bumblebee","Animalia",38858,327,"Adults",2017,4,29,119,2457873,3,"38858_Adults","Adults observed","MI",2017-04-29,"calendar",119,2017,"38858_Adults_2017",13
10145,42.602543,-83.250992,391,"Pieris","rapae","cabbage white","Animalia",38859,327,"Adults",2017,4,24,114,2457868,2,"38859_Adults","Adults observed","MI",2017-04-24,"calendar",114,2017,"38859_Adults_2017",13
10145,42.602543,-83.250992,272,"Anax","junius","common green darner","Animalia",38869,327,"Adults",2017,6,7,158,2457912,2,"38869_Adults","Adults observed","MI",2017-06-07,"calendar",158,2017,"38869_Adults_2017",13
10145,42.602543,-83.250992,396,"Danaus","plexippus","monarch","Animalia",38919,327,"Adults",2017,6,5,156,2457910,1,"38919_Adults","Adults observed","MI",2017-06-05,"calendar",156,2017,"38919_Adults_2017",13
10145,42.602543,-83.250992,1137,"Nymphalis","antiopa","mourning cloak","Animalia",38921,327,"Adults",2017,4,17,107,2457861,6,"38921_Adults","Adults observed","MI",2017-04-17,"calendar",107,2017,"38921_Adults_2017",11
10145,42.602543,-83.250992,1132,"Colias","eurytheme","orange sulphur","Animalia",38930,327,"Adults",2017,6,30,181,2457935,1,"38930_Adults","Adults observed","MI",2017-06-30,"calendar",181,2017,"38930_Adults_2017",13
10145,42.602543,-83.250992,393,"Vanessa","atalanta","red admiral","Animalia",38941,327,"Adults",2017,4,24,114,2457868,2,"38941_Adults","Adults observed","MI",2017-04-24,"calendar",114,2017,"38941_Adults_2017",11
10145,42.602543,-83.250992,1238,"Apis","mellifera","honeybee","Animalia",69919,327,"Adults",2017,5,10,130,2457884,3,"69919_Adults","Adults observed","MI",2017-05-10,"calendar",130,2017,"69919_Adults_2017",11
16876,41.745537,-74.119392,396,"Danaus","plexippus","monarch","Animalia",72969,312,"Flower visitation",2017,7,19,200,2457954,4,"72969_Flower visitation","Feeding","NY",2017-07-19,"calendar",200,2017,"72969_Flower visitation_2017",10
16876,41.745537,-74.119392,396,"Danaus","plexippus","monarch","Animalia",72969,327,"Adults",2017,7,19,200,2457954,4,"72969_Adults","Adults observed","NY",2017-07-19,"calendar",200,2017,"72969_Adults_2017",11
17414,42.936153,-73.433449,396,"Danaus","plexippus","monarch","Animalia",86971,312,"Flower visitation",2017,6,3,154,2457908,6,"86971_Flower visitation","Feeding","NY",2017-06-03,"calendar",154,2017,"86971_Flower visitation_2017",10
17414,42.936153,-73.433449,396,"Danaus","plexippus","monarch","Animalia",86971,327,"Adults",2017,6,3,154,2457908,6,"86971_Adults","Adults observed","NY",2017-06-03,"calendar",154,2017,"86971_Adults_2017",11
20969,33.632149,-117.55545,1383,"Adelpha","californica","California sister","Animalia",90203,327,"Adults",2017,6,6,157,2457911,5,"90203_Adults","Adults observed","CA",2017-06-06,"calendar",157,2017,"90203_Adults_2017",10
20969,33.632149,-117.55545,1135,"Junonia","coenia","common buckeye","Animalia",90204,327,"Adults",2017,3,9,68,2457822,5,"90204_Adults","Adults observed","CA",2017-03-09,"calendar",68,2017,"90204_Adults_2017",10
20969,33.632149,-117.55545,1388,"Coenonympha","tullia","common ringlet","Animalia",90205,327,"Adults",2017,3,4,63,2457817,2,"90205_Adults","Adults observed","CA",2017-03-04,"calendar",63,2017,"90205_Adults_2017",10
20969,33.632149,-117.55545,1384,"Anthocharis","sara","Pacific orangetip","Animalia",90206,327,"Adults",2017,2,4,35,2457789,1,"90206_Adults","Adults observed","CA",2017-02-04,"calendar",35,2017,"90206_Adults_2017",10
22613,32.33926,-110.981728,1131,"Calephelis","nemesis","fatal metalmark","Animalia",100905,327,"Adults",2017,3,18,77,2457831,7,"100905_Adults","Adults observed","AZ",2017-03-18,"calendar",77,2017,"100905_Adults_2017",10
22613,32.33926,-110.981728,1403,"Papilio","cresphontes","giant swallowtail","Animalia",100906,327,"Adults",2017,3,11,70,2457824,7,"100906_Adults","Adults observed","AZ",2017-03-11,"calendar",70,2017,"100906_Adults_2017",10
22613,32.33926,-110.981728,1391,"Agraulis","vanillae","gulf fritillary","Animalia",100907,327,"Adults",2017,2,4,35,2457789,7,"100907_Adults","Adults observed","AZ",2017-02-04,"calendar",35,2017,"100907_Adults_2017",10
22613,32.33926,-110.981728,396,"Danaus","plexippus","monarch","Animalia",100909,327,"Adults",2017,1,28,28,2457782,7,"100909_Adults","Adults observed","AZ",2017-01-28,"calendar",28,2017,"100909_Adults_2017",10
22613,32.33926,-110.981728,1129,"Battus","philenor","pipevine swallowtail","Animalia",100912,327,"Adults",2017,1,14,14,2457768,7,"100912_Adults","Adults observed","AZ",2017-01-14,"calendar",14,2017,"100912_Adults_2017",9
22613,32.33926,-110.981728,1133,"Danaus","gilippus","queen","Animalia",100913,327,"Adults",2017,1,28,28,2457782,7,"100913_Adults","Adults observed","AZ",2017-01-28,"calendar",28,2017,"100913_Adults_2017",10
22613,32.33926,-110.981728,415,"Libellula","saturata","flame skimmer","Animalia",136804,327,"Adults",2017,6,27,178,2457932,7,"136804_Adults","Adults observed","AZ",2017-06-27,"calendar",178,2017,"136804_Adults_2017",9
2803,39.971001,-105.397003,288,"Bombus","spp.","bumblebee","Animalia",16049,312,"Flower visitation",2018,4,27,117,2458236,4,"16049_Flower visitation","Feeding","CO",2018-04-27,"calendar",117,2018,"16049_Flower visitation_2018",15
2803,39.971001,-105.397003,288,"Bombus","spp.","bumblebee","Animalia",16049,327,"Adults",2018,4,27,117,2458236,4,"16049_Adults","Adults observed","CO",2018-04-27,"calendar",117,2018,"16049_Adults_2018",14
8496,46.328629,-96.061256,396,"Danaus","plexippus","monarch","Animalia",25783,312,"Flower visitation",2018,5,23,143,2458262,3,"25783_Flower visitation","Feeding","MN",2018-05-23,"calendar",143,2018,"25783_Flower visitation_2018",10
8496,46.328629,-96.061256,396,"Danaus","plexippus","monarch","Animalia",25783,327,"Adults",2018,5,20,140,2458259,6,"25783_Adults","Adults observed","MN",2018-05-20,"calendar",140,2018,"25783_Adults_2018",11
8736,44.903229,-93.217445,288,"Bombus","spp.","bumblebee","Animalia",28350,312,"Flower visitation",2018,9,30,273,2458392,2,"28350_Flower visitation","Feeding","MN",2018-09-30,"calendar",273,2018,"28350_Flower visitation_2018",9
8736,44.903229,-93.217445,288,"Bombus","spp.","bumblebee","Animalia",28350,327,"Adults",2018,5,3,123,2458242,1,"28350_Adults","Adults observed","MN",2018-05-03,"calendar",123,2018,"28350_Adults_2018",9
8736,44.903229,-93.217445,391,"Pieris","rapae","cabbage white","Animalia",28351,327,"Adults",2018,7,11,192,2458311,3,"28351_Adults","Adults observed","MN",2018-07-11,"calendar",192,2018,"28351_Adults_2018",10
8736,44.903229,-93.217445,396,"Danaus","plexippus","monarch","Animalia",28352,312,"Flower visitation",2018,6,29,180,2458299,7,"28352_Flower visitation","Feeding","MN",2018-06-29,"calendar",180,2018,"28352_Flower visitation_2018",10
8736,44.903229,-93.217445,396,"Danaus","plexippus","monarch","Animalia",28352,327,"Adults",2018,6,29,180,2458299,7,"28352_Adults","Adults observed","MN",2018-06-29,"calendar",180,2018,"28352_Adults_2018",10
8736,44.903229,-93.217445,393,"Vanessa","atalanta","red admiral","Animalia",28355,327,"Adults",2018,7,2,183,2458302,3,"28355_Adults","Adults observed","MN",2018-07-02,"calendar",183,2018,"28355_Adults_2018",9
8418,32.363758,-94.873947,288,"Bombus","spp.","bumblebee","Animalia",30797,312,"Flower visitation",2018,3,25,84,2458203,4,"30797_Flower visitation","Feeding","TX",2018-03-25,"calendar",84,2018,"30797_Flower visitation_2018",11
8418,32.363758,-94.873947,288,"Bombus","spp.","bumblebee","Animalia",30797,327,"Adults",2018,3,25,84,2458203,4,"30797_Adults","Adults observed","TX",2018-03-25,"calendar",84,2018,"30797_Adults_2018",11
10145,42.602543,-83.250992,288,"Bombus","spp.","bumblebee","Animalia",38858,327,"Adults",2018,5,7,127,2458246,1,"38858_Adults","Adults observed","MI",2018-05-07,"calendar",127,2018,"38858_Adults_2018",13
10145,42.602543,-83.250992,391,"Pieris","rapae","cabbage white","Animalia",38859,327,"Adults",2018,4,30,120,2458239,1,"38859_Adults","Adults observed","MI",2018-04-30,"calendar",120,2018,"38859_Adults_2018",13
10145,42.602543,-83.250992,272,"Anax","junius","common green darner","Animalia",38869,327,"Adults",2018,6,8,159,2458278,2,"38869_Adults","Adults observed","MI",2018-06-08,"calendar",159,2018,"38869_Adults_2018",13
10145,42.602543,-83.250992,396,"Danaus","plexippus","monarch","Animalia",38919,327,"Adults",2018,6,2,153,2458272,1,"38919_Adults","Adults observed","MI",2018-06-02,"calendar",153,2018,"38919_Adults_2018",13
10145,42.602543,-83.250992,1137,"Nymphalis","antiopa","mourning cloak","Animalia",38921,327,"Adults",2018,5,1,121,2458240,1,"38921_Adults","Adults observed","MI",2018-05-01,"calendar",121,2018,"38921_Adults_2018",11
10145,42.602543,-83.250992,1132,"Colias","eurytheme","orange sulphur","Animalia",38930,327,"Adults",2018,5,28,148,2458267,1,"38930_Adults","Adults observed","MI",2018-05-28,"calendar",148,2018,"38930_Adults_2018",13
10145,42.602543,-83.250992,393,"Vanessa","atalanta","red admiral","Animalia",38941,327,"Adults",2018,5,13,133,2458252,3,"38941_Adults","Adults observed","MI",2018-05-13,"calendar",133,2018,"38941_Adults_2018",11
10145,42.602543,-83.250992,1238,"Apis","mellifera","honeybee","Animalia",69919,327,"Adults",2018,5,15,135,2458254,1,"69919_Adults","Adults observed","MI",2018-05-15,"calendar",135,2018,"69919_Adults_2018",11
16876,41.745537,-74.119392,396,"Danaus","plexippus","monarch","Animalia",72969,312,"Flower visitation",2018,7,21,202,2458321,3,"72969_Flower visitation","Feeding","NY",2018-07-21,"calendar",202,2018,"72969_Flower visitation_2018",10
16876,41.745537,-74.119392,396,"Danaus","plexippus","monarch","Animalia",72969,327,"Adults",2018,8,28,240,2458359,4,"72969_Adults","Adults observed","NY",2018-08-28,"calendar",240,2018,"72969_Adults_2018",11
17414,42.936153,-73.433449,396,"Danaus","plexippus","monarch","Animalia",86971,312,"Flower visitation",2018,6,11,162,2458281,2,"86971_Flower visitation","Feeding","NY",2018-06-11,"calendar",162,2018,"86971_Flower visitation_2018",10
17414,42.936153,-73.433449,396,"Danaus","plexippus","monarch","Animalia",86971,327,"Adults",2018,6,11,162,2458281,2,"86971_Adults","Adults observed","NY",2018-06-11,"calendar",162,2018,"86971_Adults_2018",11
20969,33.632149,-117.55545,1383,"Adelpha","californica","California sister","Animalia",90203,327,"Adults",2018,3,19,78,2458197,1,"90203_Adults","Adults observed","CA",2018-03-19,"calendar",78,2018,"90203_Adults_2018",10
20969,33.632149,-117.55545,1135,"Junonia","coenia","common buckeye","Animalia",90204,327,"Adults",2018,1,11,11,2458130,5,"90204_Adults","Adults observed","CA",2018-01-11,"calendar",11,2018,"90204_Adults_2018",10
20969,33.632149,-117.55545,1388,"Coenonympha","tullia","common ringlet","Animalia",90205,327,"Adults",2018,4,9,99,2458218,4,"90205_Adults","Adults observed","CA",2018-04-09,"calendar",99,2018,"90205_Adults_2018",10
20969,33.632149,-117.55545,1384,"Anthocharis","sara","Pacific orangetip","Animalia",90206,327,"Adults",2018,2,13,44,2458163,2,"90206_Adults","Adults observed","CA",2018-02-13,"calendar",44,2018,"90206_Adults_2018",10
22613,32.33926,-110.981728,1131,"Calephelis","nemesis","fatal metalmark","Animalia",100905,327,"Adults",2018,2,13,44,2458163,3,"100905_Adults","Adults observed","AZ",2018-02-13,"calendar",44,2018,"100905_Adults_2018",10
22613,32.33926,-110.981728,1403,"Papilio","cresphontes","giant swallowtail","Animalia",100906,327,"Adults",2018,2,10,41,2458160,4,"100906_Adults","Adults observed","AZ",2018-02-10,"calendar",41,2018,"100906_Adults_2018",10
22613,32.33926,-110.981728,1391,"Agraulis","vanillae","gulf fritillary","Animalia",100907,327,"Adults",2018,1,30,30,2458149,3,"100907_Adults","Adults observed","AZ",2018-01-30,"calendar",30,2018,"100907_Adults_2018",10
22613,32.33926,-110.981728,396,"Danaus","plexippus","monarch","Animalia",100909,327,"Adults",2018,1,16,16,2458135,3,"100909_Adults","Adults observed","AZ",2018-01-16,"calendar",16,2018,"100909_Adults_2018",10
22613,32.33926,-110.981728,1129,"Battus","philenor","pipevine swallowtail","Animalia",100912,327,"Adults",2018,1,13,13,2458132,4,"100912_Adults","Adults observed","AZ",2018-01-13,"calendar",13,2018,"100912_Adults_2018",9
22613,32.33926,-110.981728,1133,"Danaus","gilippus","queen","Animalia",100913,327,"Adults",2018,1,23,23,2458142,3,"100913_Adults","Adults observed","AZ",2018-01-23,"calendar",23,2018,"100913_Adults_2018",10
22613,32.33926,-110.981728,415,"Libellula","saturata","flame skimmer","Animalia",136804,327,"Adults",2018,3,27,86,2458205,7,"136804_Adults","Adults observed","AZ",2018-03-27,"calendar",86,2018,"136804_Adults_2018",9
1419,42.011166,-88.503304,288,"Bombus","spp.","bumblebee","Animalia",10284,312,"Flower visitation",2019,6,2,153,2458637,1,"10284_Flower visitation","Feeding","IL",2019-06-02,"calendar",153,2019,"10284_Flower visitation_2019",11
1419,42.011166,-88.503304,288,"Bombus","spp.","bumblebee","Animalia",10284,327,"Adults",2019,6,2,153,2458637,1,"10284_Adults","Adults observed","IL",2019-06-02,"calendar",153,2019,"10284_Adults_2019",11
5674,44.910587,-70.266861,396,"Danaus","plexippus","monarch","Animalia",12711,312,"Flower visitation",2019,7,21,202,2458686,7,"12711_Flower visitation","Feeding","ME",2019-07-21,"calendar",202,2019,"12711_Flower visitation_2019",10
5674,44.910587,-70.266861,396,"Danaus","plexippus","monarch","Animalia",12711,327,"Adults",2019,7,21,202,2458686,7,"12711_Adults","Adults observed","ME",2019-07-21,"calendar",202,2019,"12711_Adults_2019",10
2803,39.971001,-105.397003,288,"Bombus","spp.","bumblebee","Animalia",16049,312,"Flower visitation",2019,6,3,154,2458638,4,"16049_Flower visitation","Feeding","CO",2019-06-03,"calendar",154,2019,"16049_Flower visitation_2019",15
2803,39.971001,-105.397003,288,"Bombus","spp.","bumblebee","Animalia",16049,327,"Adults",2019,5,27,147,2458631,7,"16049_Adults","Adults observed","CO",2019-05-27,"calendar",147,2019,"16049_Adults_2019",14
8736,44.903229,-93.217445,391,"Pieris","rapae","cabbage white","Animalia",28351,327,"Adults",2019,7,24,205,2458689,1,"28351_Adults","Adults observed","MN",2019-07-24,"calendar",205,2019,"28351_Adults_2019",10
8736,44.903229,-93.217445,396,"Danaus","plexippus","monarch","Animalia",28352,312,"Flower visitation",2019,7,24,205,2458689,1,"28352_Flower visitation","Feeding","MN",2019-07-24,"calendar",205,2019,"28352_Flower visitation_2019",10
8736,44.903229,-93.217445,396,"Danaus","plexippus","monarch","Animalia",28352,327,"Adults",2019,7,21,202,2458686,1,"28352_Adults","Adults observed","MN",2019-07-21,"calendar",202,2019,"28352_Adults_2019",10
8736,44.903229,-93.217445,393,"Vanessa","atalanta","red admiral","Animalia",28355,327,"Adults",2019,7,19,200,2458684,2,"28355_Adults","Adults observed","MN",2019-07-19,"calendar",200,2019,"28355_Adults_2019",9
8418,32.363758,-94.873947,288,"Bombus","spp.","bumblebee","Animalia",30797,312,"Flower visitation",2019,4,3,93,2458577,3,"30797_Flower visitation","Feeding","TX",2019-04-03,"calendar",93,2019,"30797_Flower visitation_2019",11
8418,32.363758,-94.873947,288,"Bombus","spp.","bumblebee","Animalia",30797,327,"Adults",2019,3,17,76,2458560,7,"30797_Adults","Adults observed","TX",2019-03-17,"calendar",76,2019,"30797_Adults_2019",11
10145,42.602543,-83.250992,288,"Bombus","spp.","bumblebee","Animalia",38858,327,"Adults",2019,5,4,124,2458608,1,"38858_Adults","Adults observed","MI",2019-05-04,"calendar",124,2019,"38858_Adults_2019",13
10145,42.602543,-83.250992,391,"Pieris","rapae","cabbage white","Animalia",38859,327,"Adults",2019,5,1,121,2458605,1,"38859_Adults","Adults observed","MI",2019-05-01,"calendar",121,2019,"38859_Adults_2019",13
10145,42.602543,-83.250992,272,"Anax","junius","common green darner","Animalia",38869,327,"Adults",2019,6,25,176,2458660,2,"38869_Adults","Adults observed","MI",2019-06-25,"calendar",176,2019,"38869_Adults_2019",13
10145,42.602543,-83.250992,396,"Danaus","plexippus","monarch","Animalia",38919,327,"Adults",2019,5,28,148,2458632,1,"38919_Adults","Adults observed","MI",2019-05-28,"calendar",148,2019,"38919_Adults_2019",13
10145,42.602543,-83.250992,1137,"Nymphalis","antiopa","mourning cloak","Animalia",38921,327,"Adults",2019,4,17,107,2458591,1,"38921_Adults","Adults observed","MI",2019-04-17,"calendar",107,2019,"38921_Adults_2019",11
10145,42.602543,-83.250992,1132,"Colias","eurytheme","orange sulphur","Animalia",38930,327,"Adults",2019,7,19,200,2458684,1,"38930_Adults","Adults observed","MI",2019-07-19,"calendar",200,2019,"38930_Adults_2019",13
10145,42.602543,-83.250992,393,"Vanessa","atalanta","red admiral","Animalia",38941,327,"Adults",2019,5,10,130,2458614,1,"38941_Adults","Adults observed","MI",2019-05-10,"calendar",130,2019,"38941_Adults_2019",11
10145,42.602543,-83.250992,1238,"Apis","mellifera","honeybee","Animalia",69919,327,"Adults",2019,7,25,206,2458690,1,"69919_Adults","Adults observed","MI",2019-07-25,"calendar",206,2019,"69919_Adults_2019",11
16876,41.745537,-74.119392,396,"Danaus","plexippus","monarch","Animalia",72969,312,"Flower visitation",2019,6,26,177,2458661,7,"72969_Flower visitation","Feeding","NY",2019-06-26,"calendar",177,2019,"72969_Flower visitation_2019",10
16876,41.745537,-74.119392,396,"Danaus","plexippus","monarch","Animalia",72969,327,"Adults",2019,6,19,170,2458654,7,"72969_Adults","Adults observed","NY",2019-06-19,"calendar",170,2019,"72969_Adults_2019",11
17414,42.936153,-73.433449,396,"Danaus","plexippus","monarch","Animalia",86971,312,"Flower visitation",2019,6,23,174,2458658,4,"86971_Flower visitation","Feeding","NY",2019-06-23,"calendar",174,2019,"86971_Flower visitation_2019",10
17414,42.936153,-73.433449,396,"Danaus","plexippus","monarch","Animalia",86971,327,"Adults",2019,6,15,166,2458650,3,"86971_Adults","Adults observed","NY",2019-06-15,"calendar",166,2019,"86971_Adults_2019",11
20969,33.632149,-117.55545,1383,"Adelpha","californica","California sister","Animalia",90203,327,"Adults",2019,7,21,202,2458686,3,"90203_Adults","Adults observed","CA",2019-07-21,"calendar",202,2019,"90203_Adults_2019",10
20969,33.632149,-117.55545,1388,"Coenonympha","tullia","common ringlet","Animalia",90205,327,"Adults",2019,7,21,202,2458686,3,"90205_Adults","Adults observed","CA",2019-07-21,"calendar",202,2019,"90205_Adults_2019",10
20969,33.632149,-117.55545,1384,"Anthocharis","sara","Pacific orangetip","Animalia",90206,327,"Adults",2019,4,9,99,2458583,2,"90206_Adults","Adults observed","CA",2019-04-09,"calendar",99,2019,"90206_Adults_2019",10
22613,32.33926,-110.981728,1131,"Calephelis","nemesis","fatal metalmark","Animalia",100905,327,"Adults",2019,4,11,101,2458585,7,"100905_Adults","Adults observed","AZ",2019-04-11,"calendar",101,2019,"100905_Adults_2019",10
22613,32.33926,-110.981728,1403,"Papilio","cresphontes","giant swallowtail","Animalia",100906,327,"Adults",2019,5,9,129,2458613,7,"100906_Adults","Adults observed","AZ",2019-05-09,"calendar",129,2019,"100906_Adults_2019",10
22613,32.33926,-110.981728,1391,"Agraulis","vanillae","gulf fritillary","Animalia",100907,327,"Adults",2019,1,29,29,2458513,7,"100907_Adults","Adults observed","AZ",2019-01-29,"calendar",29,2019,"100907_Adults_2019",10
22613,32.33926,-110.981728,396,"Danaus","plexippus","monarch","Animalia",100909,327,"Adults",2019,1,22,22,2458506,7,"100909_Adults","Adults observed","AZ",2019-01-22,"calendar",22,2019,"100909_Adults_2019",10
22613,32.33926,-110.981728,1129,"Battus","philenor","pipevine swallowtail","Animalia",100912,327,"Adults",2019,3,21,80,2458564,6,"100912_Adults","Adults observed","AZ",2019-03-21,"calendar",80,2019,"100912_Adults_2019",9
22613,32.33926,-110.981728,1133,"Danaus","gilippus","queen","Animalia",100913,327,"Adults",2019,1,29,29,2458513,7,"100913_Adults","Adults observed","AZ",2019-01-29,"calendar",29,2019,"100913_Adults_2019",10
22613,32.33926,-110.981728,415,"Libellula","saturata","flame skimmer","Animalia",136804,327,"Adults",2019,4,11,101,2458585,7,"136804_Adults","Adults observed","AZ",2019-04-11,"calendar",101,2019,"136804_Adults_2019",9
1419,42.011166,-88.503304,288,"Bombus","spp.","bumblebee","Animalia",10284,312,"Flower visitation",2020,4,12,103,2458952,3,"10284_Flower visitation","Feeding","IL",2020-04-12,"calendar",103,2020,"10284_Flower visitation_2020",11
1419,42.011166,-88.503304,288,"Bombus","spp.","bumblebee","Animalia",10284,327,"Adults",2020,4,12,103,2458952,3,"10284_Adults","Adults observed","IL",2020-04-12,"calendar",103,2020,"10284_Adults_2020",11
5674,44.910587,-70.266861,396,"Danaus","plexippus","monarch","Animalia",12711,312,"Flower visitation",2020,7,12,194,2459043,7,"12711_Flower visitation","Feeding","ME",2020-07-12,"calendar",194,2020,"12711_Flower visitation_2020",10
5674,44.910587,-70.266861,396,"Danaus","plexippus","monarch","Animalia",12711,327,"Adults",2020,7,12,194,2459043,7,"12711_Adults","Adults observed","ME",2020-07-12,"calendar",194,2020,"12711_Adults_2020",10
2803,39.971001,-105.397003,288,"Bombus","spp.","bumblebee","Animalia",16049,312,"Flower visitation",2020,5,2,123,2458972,2,"16049_Flower visitation","Feeding","CO",2020-05-02,"calendar",123,2020,"16049_Flower visitation_2020",15
2803,39.971001,-105.397003,288,"Bombus","spp.","bumblebee","Animalia",16049,327,"Adults",2020,5,2,123,2458972,2,"16049_Adults","Adults observed","CO",2020-05-02,"calendar",123,2020,"16049_Adults_2020",14
8496,46.328629,-96.061256,396,"Danaus","plexippus","monarch","Animalia",25783,312,"Flower visitation",2020,7,3,185,2459034,7,"25783_Flower visitation","Feeding","MN",2020-07-03,"calendar",185,2020,"25783_Flower visitation_2020",10
8496,46.328629,-96.061256,396,"Danaus","plexippus","monarch","Animalia",25783,327,"Adults",2020,5,30,151,2459000,3,"25783_Adults","Adults observed","MN",2020-05-30,"calendar",151,2020,"25783_Adults_2020",11
8736,44.903229,-93.217445,288,"Bombus","spp.","bumblebee","Animalia",28350,312,"Flower visitation",2020,6,7,159,2459008,2,"28350_Flower visitation","Feeding","MN",2020-06-07,"calendar",159,2020,"28350_Flower visitation_2020",9
8736,44.903229,-93.217445,288,"Bombus","spp.","bumblebee","Animalia",28350,327,"Adults",2020,4,8,99,2458948,2,"28350_Adults","Adults observed","MN",2020-04-08,"calendar",99,2020,"28350_Adults_2020",9
8736,44.903229,-93.217445,391,"Pieris","rapae","cabbage white","Animalia",28351,327,"Adults",2020,5,3,124,2458973,5,"28351_Adults","Adults observed","MN",2020-05-03,"calendar",124,2020,"28351_Adults_2020",10
8736,44.903229,-93.217445,396,"Danaus","plexippus","monarch","Animalia",28352,312,"Flower visitation",2020,7,15,197,2459046,3,"28352_Flower visitation","Feeding","MN",2020-07-15,"calendar",197,2020,"28352_Flower visitation_2020",10
8736,44.903229,-93.217445,396,"Danaus","plexippus","monarch","Animalia",28352,327,"Adults",2020,6,5,157,2459006,1,"28352_Adults","Adults observed","MN",2020-06-05,"calendar",157,2020,"28352_Adults_2020",10
8736,44.903229,-93.217445,393,"Vanessa","atalanta","red admiral","Animalia",28355,327,"Adults",2020,6,25,177,2459026,2,"28355_Adults","Adults observed","MN",2020-06-25,"calendar",177,2020,"28355_Adults_2020",9
10145,42.602543,-83.250992,288,"Bombus","spp.","bumblebee","Animalia",38858,327,"Adults",2020,4,28,119,2458968,1,"38858_Adults","Adults observed","MI",2020-04-28,"calendar",119,2020,"38858_Adults_2020",13
10145,42.602543,-83.250992,391,"Pieris","rapae","cabbage white","Animalia",38859,327,"Adults",2020,4,8,99,2458948,1,"38859_Adults","Adults observed","MI",2020-04-08,"calendar",99,2020,"38859_Adults_2020",13
10145,42.602543,-83.250992,272,"Anax","junius","common green darner","Animalia",38869,327,"Adults",2020,5,1,122,2458971,1,"38869_Adults","Adults observed","MI",2020-05-01,"calendar",122,2020,"38869_Adults_2020",13
10145,42.602543,-83.250992,396,"Danaus","plexippus","monarch","Animalia",38919,327,"Adults",2020,6,5,157,2459006,1,"38919_Adults","Adults observed","MI",2020-06-05,"calendar",157,2020,"38919_Adults_2020",13
10145,42.602543,-83.250992,1137,"Nymphalis","antiopa","mourning cloak","Animalia",38921,327,"Adults",2020,4,11,102,2458951,1,"38921_Adults","Adults observed","MI",2020-04-11,"calendar",102,2020,"38921_Adults_2020",11
10145,42.602543,-83.250992,1132,"Colias","eurytheme","orange sulphur","Animalia",38930,327,"Adults",2020,6,14,166,2459015,1,"38930_Adults","Adults observed","MI",2020-06-14,"calendar",166,2020,"38930_Adults_2020",13
10145,42.602543,-83.250992,393,"Vanessa","atalanta","red admiral","Animalia",38941,327,"Adults",2020,5,21,142,2458991,1,"38941_Adults","Adults observed","MI",2020-05-21,"calendar",142,2020,"38941_Adults_2020",11
10145,42.602543,-83.250992,1238,"Apis","mellifera","honeybee","Animalia",69919,327,"Adults",2020,4,28,119,2458968,1,"69919_Adults","Adults observed","MI",2020-04-28,"calendar",119,2020,"69919_Adults_2020",11
16876,41.745537,-74.119392,396,"Danaus","plexippus","monarch","Animalia",72969,327,"Adults",2020,7,30,212,2459061,6,"72969_Adults","Adults observed","NY",2020-07-30,"calendar",212,2020,"72969_Adults_2020",11
17414,42.936153,-73.433449,396,"Danaus","plexippus","monarch","Animalia",86971,327,"Adults",2020,6,14,166,2459015,4,"86971_Adults","Adults observed","NY",2020-06-14,"calendar",166,2020,"86971_Adults_2020",11
20969,33.632149,-117.55545,1135,"Junonia","coenia","common buckeye","Animalia",90204,327,"Adults",2020,1,10,10,2458859,6,"90204_Adults","Adults observed","CA",2020-01-10,"calendar",10,2020,"90204_Adults_2020",10
20969,33.632149,-117.55545,1388,"Coenonympha","tullia","common ringlet","Animalia",90205,327,"Adults",2020,3,17,77,2458926,2,"90205_Adults","Adults observed","CA",2020-03-17,"calendar",77,2020,"90205_Adults_2020",10
20969,33.632149,-117.55545,1384,"Anthocharis","sara","Pacific orangetip","Animalia",90206,327,"Adults",2020,1,19,19,2458868,5,"90206_Adults","Adults observed","CA",2020-01-19,"calendar",19,2020,"90206_Adults_2020",10
22613,32.33926,-110.981728,1131,"Calephelis","nemesis","fatal metalmark","Animalia",100905,327,"Adults",2020,6,16,168,2459017,7,"100905_Adults","Adults observed","AZ",2020-06-16,"calendar",168,2020,"100905_Adults_2020",10
22613,32.33926,-110.981728,1403,"Papilio","cresphontes","giant swallowtail","Animalia",100906,327,"Adults",2020,5,19,140,2458989,7,"100906_Adults","Adults observed","AZ",2020-05-19,"calendar",140,2020,"100906_Adults_2020",10
22613,32.33926,-110.981728,1391,"Agraulis","vanillae","gulf fritillary","Animalia",100907,327,"Adults",2020,7,7,189,2459038,7,"100907_Adults","Adults observed","AZ",2020-07-07,"calendar",189,2020,"100907_Adults_2020",10
22613,32.33926,-110.981728,396,"Danaus","plexippus","monarch","Animalia",100909,327,"Adults",2020,5,19,140,2458989,7,"100909_Adults","Adults observed","AZ",2020-05-19,"calendar",140,2020,"100909_Adults_2020",10
22613,32.33926,-110.981728,1129,"Battus","philenor","pipevine swallowtail","Animalia",100912,327,"Adults",2020,11,3,308,2459157,7,"100912_Adults","Adults observed","AZ",2020-11-03,"calendar",308,2020,"100912_Adults_2020",9
22613,32.33926,-110.981728,1133,"Danaus","gilippus","queen","Animalia",100913,327,"Adults",2020,9,15,259,2459108,7,"100913_Adults","Adults observed","AZ",2020-09-15,"calendar",259,2020,"100913_Adults_2020",10
22613,32.33926,-110.981728,415,"Libellula","saturata","flame skimmer","Animalia",136804,327,"Adults",2020,6,9,161,2459010,7,"136804_Adults","Adults observed","AZ",2020-06-09,"calendar",161,2020,"136804_Adults_2020",9
5674,44.910587,-70.266861,396,"Danaus","plexippus","monarch","Animalia",12711,312,"Flower visitation",2021,7,4,185,2459400,7,"12711_Flower visitation","Feeding","ME",2021-07-04,"calendar",185,2021,"12711_Flower visitation_2021",10
5674,44.910587,-70.266861,396,"Danaus","plexippus","monarch","Animalia",12711,327,"Adults",2021,7,4,185,2459400,7,"12711_Adults","Adults observed","ME",2021-07-04,"calendar",185,2021,"12711_Adults_2021",10
2803,39.971001,-105.397003,288,"Bombus","spp.","bumblebee","Animalia",16049,312,"Flower visitation",2021,5,26,146,2459361,2,"16049_Flower visitation","Feeding","CO",2021-05-26,"calendar",146,2021,"16049_Flower visitation_2021",15
2803,39.971001,-105.397003,288,"Bombus","spp.","bumblebee","Animalia",16049,327,"Adults",2021,5,26,146,2459361,2,"16049_Adults","Adults observed","CO",2021-05-26,"calendar",146,2021,"16049_Adults_2021",14
8496,46.328629,-96.061256,396,"Danaus","plexippus","monarch","Animalia",25783,312,"Flower visitation",2021,7,2,183,2459398,6,"25783_Flower visitation","Feeding","MN",2021-07-02,"calendar",183,2021,"25783_Flower visitation_2021",10
8496,46.328629,-96.061256,396,"Danaus","plexippus","monarch","Animalia",25783,327,"Adults",2021,7,2,183,2459398,6,"25783_Adults","Adults observed","MN",2021-07-02,"calendar",183,2021,"25783_Adults_2021",11
8736,44.903229,-93.217445,288,"Bombus","spp.","bumblebee","Animalia",28350,312,"Flower visitation",2021,6,9,160,2459375,6,"28350_Flower visitation","Feeding","MN",2021-06-09,"calendar",160,2021,"28350_Flower visitation_2021",9
8736,44.903229,-93.217445,288,"Bombus","spp.","bumblebee","Animalia",28350,327,"Adults",2021,9,18,261,2459476,2,"28350_Adults","Adults observed","MN",2021-09-18,"calendar",261,2021,"28350_Adults_2021",9
8736,44.903229,-93.217445,391,"Pieris","rapae","cabbage white","Animalia",28351,327,"Adults",2021,6,10,161,2459376,1,"28351_Adults","Adults observed","MN",2021-06-10,"calendar",161,2021,"28351_Adults_2021",10
8736,44.903229,-93.217445,396,"Danaus","plexippus","monarch","Animalia",28352,312,"Flower visitation",2021,7,2,183,2459398,1,"28352_Flower visitation","Feeding","MN",2021-07-02,"calendar",183,2021,"28352_Flower visitation_2021",10
8736,44.903229,-93.217445,396,"Danaus","plexippus","monarch","Animalia",28352,327,"Adults",2021,6,27,178,2459393,6,"28352_Adults","Adults observed","MN",2021-06-27,"calendar",178,2021,"28352_Adults_2021",10
10145,42.602543,-83.250992,288,"Bombus","spp.","bumblebee","Animalia",38858,327,"Adults",2021,4,13,103,2459318,1,"38858_Adults","Adults observed","MI",2021-04-13,"calendar",103,2021,"38858_Adults_2021",13
10145,42.602543,-83.250992,391,"Pieris","rapae","cabbage white","Animalia",38859,327,"Adults",2021,4,13,103,2459318,1,"38859_Adults","Adults observed","MI",2021-04-13,"calendar",103,2021,"38859_Adults_2021",13
10145,42.602543,-83.250992,272,"Anax","junius","common green darner","Animalia",38869,327,"Adults",2021,4,28,118,2459333,1,"38869_Adults","Adults observed","MI",2021-04-28,"calendar",118,2021,"38869_Adults_2021",13
10145,42.602543,-83.250992,396,"Danaus","plexippus","monarch","Animalia",38919,327,"Adults",2021,6,3,154,2459369,1,"38919_Adults","Adults observed","MI",2021-06-03,"calendar",154,2021,"38919_Adults_2021",13
10145,42.602543,-83.250992,1137,"Nymphalis","antiopa","mourning cloak","Animalia",38921,327,"Adults",2021,4,6,96,2459311,1,"38921_Adults","Adults observed","MI",2021-04-06,"calendar",96,2021,"38921_Adults_2021",11
10145,42.602543,-83.250992,1132,"Colias","eurytheme","orange sulphur","Animalia",38930,327,"Adults",2021,5,2,122,2459337,2,"38930_Adults","Adults observed","MI",2021-05-02,"calendar",122,2021,"38930_Adults_2021",13
10145,42.602543,-83.250992,393,"Vanessa","atalanta","red admiral","Animalia",38941,327,"Adults",2021,5,21,141,2459356,1,"38941_Adults","Adults observed","MI",2021-05-21,"calendar",141,2021,"38941_Adults_2021",11
10145,42.602543,-83.250992,1238,"Apis","mellifera","honeybee","Animalia",69919,327,"Adults",2021,7,15,196,2459411,1,"69919_Adults","Adults observed","MI",2021-07-15,"calendar",196,2021,"69919_Adults_2021",11
16876,41.745537,-74.119392,396,"Danaus","plexippus","monarch","Animalia",72969,312,"Flower visitation",2021,7,13,194,2459409,1,"72969_Flower visitation","Feeding","NY",2021-07-13,"calendar",194,2021,"72969_Flower visitation_2021",10
16876,41.745537,-74.119392,396,"Danaus","plexippus","monarch","Animalia",72969,327,"Adults",2021,7,7,188,2459403,2,"72969_Adults","Adults observed","NY",2021-07-07,"calendar",188,2021,"72969_Adults_2021",11
17414,42.936153,-73.433449,396,"Danaus","plexippus","monarch","Animalia",86971,312,"Flower visitation",2021,7,26,207,2459422,3,"86971_Flower visitation","Feeding","NY",2021-07-26,"calendar",207,2021,"86971_Flower visitation_2021",10
17414,42.936153,-73.433449,396,"Danaus","plexippus","monarch","Animalia",86971,327,"Adults",2021,6,5,156,2459371,4,"86971_Adults","Adults observed","NY",2021-06-05,"calendar",156,2021,"86971_Adults_2021",11
22613,32.33926,-110.981728,1131,"Calephelis","nemesis","fatal metalmark","Animalia",100905,327,"Adults",2021,7,20,201,2459416,5,"100905_Adults","Adults observed","AZ",2021-07-20,"calendar",201,2021,"100905_Adults_2021",10
22613,32.33926,-110.981728,1403,"Papilio","cresphontes","giant swallowtail","Animalia",100906,327,"Adults",2021,6,1,152,2459367,7,"100906_Adults","Adults observed","AZ",2021-06-01,"calendar",152,2021,"100906_Adults_2021",10
22613,32.33926,-110.981728,1391,"Agraulis","vanillae","gulf fritillary","Animalia",100907,327,"Adults",2021,2,9,40,2459255,7,"100907_Adults","Adults observed","AZ",2021-02-09,"calendar",40,2021,"100907_Adults_2021",10
22613,32.33926,-110.981728,396,"Danaus","plexippus","monarch","Animalia",100909,327,"Adults",2021,2,2,33,2459248,5,"100909_Adults","Adults observed","AZ",2021-02-02,"calendar",33,2021,"100909_Adults_2021",10
22613,32.33926,-110.981728,1129,"Battus","philenor","pipevine swallowtail","Animalia",100912,327,"Adults",2021,2,9,40,2459255,7,"100912_Adults","Adults observed","AZ",2021-02-09,"calendar",40,2021,"100912_Adults_2021",9
22613,32.33926,-110.981728,1133,"Danaus","gilippus","queen","Animalia",100913,327,"Adults",2021,2,23,54,2459269,7,"100913_Adults","Adults observed","AZ",2021-02-23,"calendar",54,2021,"100913_Adults_2021",10
22613,32.33926,-110.981728,415,"Libellula","saturata","flame skimmer","Animalia",136804,327,"Adults",2021,3,9,68,2459283,7,"136804_Adults","Adults observed","AZ",2021-03-09,"calendar",68,2021,"136804_Adults_2021",9
1419,42.011166,-88.503304,288,"Bombus","spp.","bumblebee","Animalia",10284,312,"Flower visitation",2022,6,19,170,2459750,7,"10284_Flower visitation","Feeding","IL",2022-06-19,"calendar",170,2022,"10284_Flower visitation_2022",11
1419,42.011166,-88.503304,288,"Bombus","spp.","bumblebee","Animalia",10284,327,"Adults",2022,6,19,170,2459750,7,"10284_Adults","Adults observed","IL",2022-06-19,"calendar",170,2022,"10284_Adults_2022",11
5674,44.910587,-70.266861,396,"Danaus","plexippus","monarch","Animalia",12711,312,"Flower visitation",2022,6,26,177,2459757,7,"12711_Flower visitation","Feeding","ME",2022-06-26,"calendar",177,2022,"12711_Flower visitation_2022",10
5674,44.910587,-70.266861,396,"Danaus","plexippus","monarch","Animalia",12711,327,"Adults",2022,6,19,170,2459750,7,"12711_Adults","Adults observed","ME",2022-06-19,"calendar",170,2022,"12711_Adults_2022",10
2803,39.971001,-105.397003,288,"Bombus","spp.","bumblebee","Animalia",16049,312,"Flower visitation",2022,5,16,136,2459716,4,"16049_Flower visitation","Feeding","CO",2022-05-16,"calendar",136,2022,"16049_Flower visitation_2022",15
8496,46.328629,-96.061256,396,"Danaus","plexippus","monarch","Animalia",25783,312,"Flower visitation",2022,5,28,148,2459728,3,"25783_Flower visitation","Feeding","MN",2022-05-28,"calendar",148,2022,"25783_Flower visitation_2022",10
8496,46.328629,-96.061256,396,"Danaus","plexippus","monarch","Animalia",25783,327,"Adults",2022,5,28,148,2459728,3,"25783_Adults","Adults observed","MN",2022-05-28,"calendar",148,2022,"25783_Adults_2022",11
10145,42.602543,-83.250992,288,"Bombus","spp.","bumblebee","Animalia",38858,327,"Adults",2022,5,9,129,2459709,1,"38858_Adults","Adults observed","MI",2022-05-09,"calendar",129,2022,"38858_Adults_2022",13
10145,42.602543,-83.250992,391,"Pieris","rapae","cabbage white","Animalia",38859,327,"Adults",2022,5,1,121,2459701,1,"38859_Adults","Adults observed","MI",2022-05-01,"calendar",121,2022,"38859_Adults_2022",13
10145,42.602543,-83.250992,272,"Anax","junius","common green darner","Animalia",38869,327,"Adults",2022,4,29,119,2459699,1,"38869_Adults","Adults observed","MI",2022-04-29,"calendar",119,2022,"38869_Adults_2022",13
10145,42.602543,-83.250992,396,"Danaus","plexippus","monarch","Animalia",38919,327,"Adults",2022,6,1,152,2459732,1,"38919_Adults","Adults observed","MI",2022-06-01,"calendar",152,2022,"38919_Adults_2022",13
10145,42.602543,-83.250992,1137,"Nymphalis","antiopa","mourning cloak","Animalia",38921,327,"Adults",2022,4,24,114,2459694,1,"38921_Adults","Adults observed","MI",2022-04-24,"calendar",114,2022,"38921_Adults_2022",11
10145,42.602543,-83.250992,1132,"Colias","eurytheme","orange sulphur","Animalia",38930,327,"Adults",2022,5,22,142,2459722,1,"38930_Adults","Adults observed","MI",2022-05-22,"calendar",142,2022,"38930_Adults_2022",13
10145,42.602543,-83.250992,1238,"Apis","mellifera","honeybee","Animalia",69919,327,"Adults",2022,7,13,194,2459774,1,"69919_Adults","Adults observed","MI",2022-07-13,"calendar",194,2022,"69919_Adults_2022",11
16876,41.745537,-74.119392,396,"Danaus","plexippus","monarch","Animalia",72969,312,"Flower visitation",2022,7,5,186,2459766,7,"72969_Flower visitation","Feeding","NY",2022-07-05,"calendar",186,2022,"72969_Flower visitation_2022",10
16876,41.745537,-74.119392,396,"Danaus","plexippus","monarch","Animalia",72969,327,"Adults",2022,6,20,171,2459751,1,"72969_Adults","Adults observed","NY",2022-06-20,"calendar",171,2022,"72969_Adults_2022",11
17414,42.936153,-73.433449,396,"Danaus","plexippus","monarch","Animalia",86971,312,"Flower visitation",2022,6,24,175,2459755,5,"86971_Flower visitation","Feeding","NY",2022-06-24,"calendar",175,2022,"86971_Flower visitation_2022",10
17414,42.936153,-73.433449,396,"Danaus","plexippus","monarch","Animalia",86971,327,"Adults",2022,5,23,143,2459723,3,"86971_Adults","Adults observed","NY",2022-05-23,"calendar",143,2022,"86971_Adults_2022",11
20969,33.632149,-117.55545,1383,"Adelpha","californica","California sister","Animalia",90203,327,"Adults",2022,5,15,135,2459715,4,"90203_Adults","Adults observed","CA",2022-05-15,"calendar",135,2022,"90203_Adults_2022",10
20969,33.632149,-117.55545,1135,"Junonia","coenia","common buckeye","Animalia",90204,327,"Adults",2022,7,17,198,2459778,4,"90204_Adults","Adults observed","CA",2022-07-17,"calendar",198,2022,"90204_Adults_2022",10
20969,33.632149,-117.55545,1384,"Anthocharis","sara","Pacific orangetip","Animalia",90206,327,"Adults",2022,5,15,135,2459715,4,"90206_Adults","Adults observed","CA",2022-05-15,"calendar",135,2022,"90206_Adults_2022",10
22613,32.33926,-110.981728,1131,"Calephelis","nemesis","fatal metalmark","Animalia",100905,327,"Adults",2022,7,5,186,2459766,6,"100905_Adults","Adults observed","AZ",2022-07-05,"calendar",186,2022,"100905_Adults_2022",10
22613,32.33926,-110.981728,1403,"Papilio","cresphontes","giant swallowtail","Animalia",100906,327,"Adults",2022,4,13,103,2459683,1,"100906_Adults","Adults observed","AZ",2022-04-13,"calendar",103,2022,"100906_Adults_2022",10
22613,32.33926,-110.981728,1391,"Agraulis","vanillae","gulf fritillary","Animalia",100907,327,"Adults",2022,1,25,25,2459605,7,"100907_Adults","Adults observed","AZ",2022-01-25,"calendar",25,2022,"100907_Adults_2022",10
22613,32.33926,-110.981728,396,"Danaus","plexippus","monarch","Animalia",100909,327,"Adults",2022,2,8,39,2459619,6,"100909_Adults","Adults observed","AZ",2022-02-08,"calendar",39,2022,"100909_Adults_2022",10
22613,32.33926,-110.981728,1133,"Danaus","gilippus","queen","Animalia",100913,327,"Adults",2022,2,22,53,2459633,7,"100913_Adults","Adults observed","AZ",2022-02-22,"calendar",53,2022,"100913_Adults_2022",10
22613,32.33926,-110.981728,415,"Libellula","saturata","flame skimmer","Animalia",136804,327,"Adults",2022,3,15,74,2459654,7,"136804_Adults","Adults observed","AZ",2022-03-15,"calendar",74,2022,"136804_Adults_2022",9
5674,44.910587,-70.266861,396,"Danaus","plexippus","monarch","Animalia",12711,312,"Flower visitation",2023,7,2,183,2460128,7,"12711_Flower visitation","Feeding","ME",2023-07-02,"calendar",183,2023,"12711_Flower visitation_2023",10
5674,44.910587,-70.266861,396,"Danaus","plexippus","monarch","Animalia",12711,327,"Adults",2023,7,2,183,2460128,7,"12711_Adults","Adults observed","ME",2023-07-02,"calendar",183,2023,"12711_Adults_2023",10
2803,39.971001,-105.397003,288,"Bombus","spp.","bumblebee","Animalia",16049,312,"Flower visitation",2023,5,26,146,2460091,7,"16049_Flower visitation","Feeding","CO",2023-05-26,"calendar",146,2023,"16049_Flower visitation_2023",15
2803,39.971001,-105.397003,288,"Bombus","spp.","bumblebee","Animalia",16049,327,"Adults",2023,5,26,146,2460091,7,"16049_Adults","Adults observed","CO",2023-05-26,"calendar",146,2023,"16049_Adults_2023",14
8496,46.328629,-96.061256,396,"Danaus","plexippus","monarch","Animalia",25783,327,"Adults",2023,5,29,149,2460094,6,"25783_Adults","Adults observed","MN",2023-05-29,"calendar",149,2023,"25783_Adults_2023",11
8418,32.363758,-94.873947,288,"Bombus","spp.","bumblebee","Animalia",30797,312,"Flower visitation",2023,3,9,68,2460013,3,"30797_Flower visitation","Feeding","TX",2023-03-09,"calendar",68,2023,"30797_Flower visitation_2023",11
8418,32.363758,-94.873947,288,"Bombus","spp.","bumblebee","Animalia",30797,327,"Adults",2023,3,9,68,2460013,3,"30797_Adults","Adults observed","TX",2023-03-09,"calendar",68,2023,"30797_Adults_2023",11
10145,42.602543,-83.250992,288,"Bombus","spp.","bumblebee","Animalia",38858,327,"Adults",2023,4,15,105,2460050,4,"38858_Adults","Adults observed","MI",2023-04-15,"calendar",105,2023,"38858_Adults_2023",13
10145,42.602543,-83.250992,391,"Pieris","rapae","cabbage white","Animalia",38859,327,"Adults",2023,4,15,105,2460050,4,"38859_Adults","Adults observed","MI",2023-04-15,"calendar",105,2023,"38859_Adults_2023",13
10145,42.602543,-83.250992,272,"Anax","junius","common green darner","Animalia",38869,327,"Adults",2023,6,25,176,2460121,1,"38869_Adults","Adults observed","MI",2023-06-25,"calendar",176,2023,"38869_Adults_2023",13
10145,42.602543,-83.250992,396,"Danaus","plexippus","monarch","Animalia",38919,327,"Adults",2023,6,30,181,2460126,1,"38919_Adults","Adults observed","MI",2023-06-30,"calendar",181,2023,"38919_Adults_2023",13
10145,42.602543,-83.250992,1137,"Nymphalis","antiopa","mourning cloak","Animalia",38921,327,"Adults",2023,9,13,256,2460201,2,"38921_Adults","Adults observed","MI",2023-09-13,"calendar",256,2023,"38921_Adults_2023",11
10145,42.602543,-83.250992,1132,"Colias","eurytheme","orange sulphur","Animalia",38930,327,"Adults",2023,5,12,132,2460077,1,"38930_Adults","Adults observed","MI",2023-05-12,"calendar",132,2023,"38930_Adults_2023",13
10145,42.602543,-83.250992,393,"Vanessa","atalanta","red admiral","Animalia",38941,327,"Adults",2023,4,10,100,2460045,1,"38941_Adults","Adults observed","MI",2023-04-10,"calendar",100,2023,"38941_Adults_2023",11
10145,42.602543,-83.250992,1238,"Apis","mellifera","honeybee","Animalia",69919,327,"Adults",2023,4,20,110,2460055,1,"69919_Adults","Adults observed","MI",2023-04-20,"calendar",110,2023,"69919_Adults_2023",11
16876,41.745537,-74.119392,396,"Danaus","plexippus","monarch","Animalia",72969,312,"Flower visitation",2023,8,22,234,2460179,5,"72969_Flower visitation","Feeding","NY",2023-08-22,"calendar",234,2023,"72969_Flower visitation_2023",10
16876,41.745537,-74.119392,396,"Danaus","plexippus","monarch","Animalia",72969,327,"Adults",2023,7,30,211,2460156,3,"72969_Adults","Adults observed","NY",2023-07-30,"calendar",211,2023,"72969_Adults_2023",11
17414,42.936153,-73.433449,396,"Danaus","plexippus","monarch","Animalia",86971,312,"Flower visitation",2023,7,7,188,2460133,2,"86971_Flower visitation","Feeding","NY",2023-07-07,"calendar",188,2023,"86971_Flower visitation_2023",10
17414,42.936153,-73.433449,396,"Danaus","plexippus","monarch","Animalia",86971,327,"Adults",2023,5,30,150,2460095,7,"86971_Adults","Adults observed","NY",2023-05-30,"calendar",150,2023,"86971_Adults_2023",11
20969,33.632149,-117.55545,1383,"Adelpha","californica","California sister","Animalia",90203,327,"Adults",2023,4,20,110,2460055,4,"90203_Adults","Adults observed","CA",2023-04-20,"calendar",110,2023,"90203_Adults_2023",10
20969,33.632149,-117.55545,1135,"Junonia","coenia","common buckeye","Animalia",90204,327,"Adults",2023,2,19,50,2459995,5,"90204_Adults","Adults observed","CA",2023-02-19,"calendar",50,2023,"90204_Adults_2023",10
20969,33.632149,-117.55545,1388,"Coenonympha","tullia","common ringlet","Animalia",90205,327,"Adults",2023,4,20,110,2460055,4,"90205_Adults","Adults observed","CA",2023-04-20,"calendar",110,2023,"90205_Adults_2023",10
20969,33.632149,-117.55545,1384,"Anthocharis","sara","Pacific orangetip","Animalia",90206,327,"Adults",2023,2,19,50,2459995,5,"90206_Adults","Adults observed","CA",2023-02-19,"calendar",50,2023,"90206_Adults_2023",10
22613,32.33926,-110.981728,1131,"Calephelis","nemesis","fatal metalmark","Animalia",100905,327,"Adults",2023,8,29,241,2460186,6,"100905_Adults","Adults observed","AZ",2023-08-29,"calendar",241,2023,"100905_Adults_2023",10
22613,32.33926,-110.981728,1403,"Papilio","cresphontes","giant swallowtail","Animalia",100906,327,"Adults",2023,5,16,136,2460081,7,"100906_Adults","Adults observed","AZ",2023-05-16,"calendar",136,2023,"100906_Adults_2023",10
22613,32.33926,-110.981728,1391,"Agraulis","vanillae","gulf fritillary","Animalia",100907,327,"Adults",2023,4,4,94,2460039,7,"100907_Adults","Adults observed","AZ",2023-04-04,"calendar",94,2023,"100907_Adults_2023",10
22613,32.33926,-110.981728,396,"Danaus","plexippus","monarch","Animalia",100909,327,"Adults",2023,2,8,39,2459984,4,"100909_Adults","Adults observed","AZ",2023-02-08,"calendar",39,2023,"100909_Adults_2023",10
22613,32.33926,-110.981728,1129,"Battus","philenor","pipevine swallowtail","Animalia",100912,327,"Adults",2023,2,28,59,2460004,5,"100912_Adults","Adults observed","AZ",2023-02-28,"calendar",59,2023,"100912_Adults_2023",9
22613,32.33926,-110.981728,1133,"Danaus","gilippus","queen","Animalia",100913,327,"Adults",2023,2,1,32,2459977,7,"100913_Adults","Adults observed","AZ",2023-02-01,"calendar",32,2023,"100913_Adults_2023",10
22613,32.33926,-110.981728,415,"Libellula","saturata","flame skimmer","Animalia",136804,327,"Adults",2023,5,16,136,2460081,7,"136804_Adults","Adults observed","AZ",2023-05-16,"calendar",136,2023,"136804_Adults_2023",9
1419,42.011166,-88.503304,288,"Bombus","spp.","bumblebee","Animalia",10284,312,"Flower visitation",2024,8,13,226,2460536,1,"10284_Flower visitation","Feeding","IL",2024-08-13,"calendar",226,2024,"10284_Flower visitation_2024",11
1419,42.011166,-88.503304,288,"Bombus","spp.","bumblebee","Animalia",10284,327,"Adults",2024,5,5,126,2460436,6,"10284_Adults","Adults observed","IL",2024-05-05,"calendar",126,2024,"10284_Adults_2024",11
5674,44.910587,-70.266861,396,"Danaus","plexippus","monarch","Animalia",12711,312,"Flower visitation",2024,7,28,210,2460520,7,"12711_Flower visitation","Feeding","ME",2024-07-28,"calendar",210,2024,"12711_Flower visitation_2024",10
5674,44.910587,-70.266861,396,"Danaus","plexippus","monarch","Animalia",12711,327,"Adults",2024,7,28,210,2460520,7,"12711_Adults","Adults observed","ME",2024-07-28,"calendar",210,2024,"12711_Adults_2024",10
2803,39.971001,-105.397003,288,"Bombus","spp.","bumblebee","Animalia",16049,312,"Flower visitation",2024,5,20,141,2460451,3,"16049_Flower visitation","Feeding","CO",2024-05-20,"calendar",141,2024,"16049_Flower visitation_2024",15
2803,39.971001,-105.397003,288,"Bombus","spp.","bumblebee","Animalia",16049,327,"Adults",2024,5,3,124,2460434,3,"16049_Adults","Adults observed","CO",2024-05-03,"calendar",124,2024,"16049_Adults_2024",14
8418,32.363758,-94.873947,288,"Bombus","spp.","bumblebee","Animalia",30797,312,"Flower visitation",2024,4,4,95,2460405,4,"30797_Flower visitation","Feeding","TX",2024-04-04,"calendar",95,2024,"30797_Flower visitation_2024",11
8418,32.363758,-94.873947,288,"Bombus","spp.","bumblebee","Animalia",30797,327,"Adults",2024,4,4,95,2460405,4,"30797_Adults","Adults observed","TX",2024-04-04,"calendar",95,2024,"30797_Adults_2024",11
10145,42.602543,-83.250992,288,"Bombus","spp.","bumblebee","Animalia",38858,327,"Adults",2024,4,14,105,2460415,3,"38858_Adults","Adults observed","MI",2024-04-14,"calendar",105,2024,"38858_Adults_2024",13
10145,42.602543,-83.250992,391,"Pieris","rapae","cabbage white","Animalia",38859,327,"Adults",2024,3,13,73,2460383,1,"38859_Adults","Adults observed","MI",2024-03-13,"calendar",73,2024,"38859_Adults_2024",13
10145,42.602543,-83.250992,272,"Anax","junius","common green darner","Animalia",38869,327,"Adults",2024,4,19,110,2460420,1,"38869_Adults","Adults observed","MI",2024-04-19,"calendar",110,2024,"38869_Adults_2024",13
10145,42.602543,-83.250992,396,"Danaus","plexippus","monarch","Animalia",38919,327,"Adults",2024,5,8,129,2460439,1,"38919_Adults","Adults observed","MI",2024-05-08,"calendar",129,2024,"38919_Adults_2024",13
10145,42.602543,-83.250992,1137,"Nymphalis","antiopa","mourning cloak","Animalia",38921,327,"Adults",2024,4,20,111,2460421,1,"38921_Adults","Adults observed","MI",2024-04-20,"calendar",111,2024,"38921_Adults_2024",11
10145,42.602543,-83.250992,1132,"Colias","eurytheme","orange sulphur","Animalia",38930,327,"Adults",2024,4,22,113,2460423,1,"38930_Adults","Adults observed","MI",2024-04-22,"calendar",113,2024,"38930_Adults_2024",13
10145,42.602543,-83.250992,393,"Vanessa","atalanta","red admiral","Animalia",38941,327,"Adults",2024,4,10,101,2460411,1,"38941_Adults","Adults observed","MI",2024-04-10,"calendar",101,2024,"38941_Adults_2024",11
10145,42.602543,-83.250992,1238,"Apis","mellifera","honeybee","Animalia",69919,327,"Adults",2024,6,19,171,2460481,1,"69919_Adults","Adults observed","MI",2024-06-19,"calendar",171,2024,"69919_Adults_2024",11
16876,41.745537,-74.119392,396,"Danaus","plexippus","monarch","Animalia",72969,312,"Flower visitation",2024,6,1,153,2460463,3,"72969_Flower visitation","Feeding","NY",2024-06-01,"calendar",153,2024,"72969_Flower visitation_2024",10
16876,41.745537,-74.119392,396,"Danaus","plexippus","monarch","Animalia",72969,327,"Adults",2024,5,29,150,2460460,5,"72969_Adults","Adults observed","NY",2024-05-29,"calendar",150,2024,"72969_Adults_2024",11
17414,42.936153,-73.433449,396,"Danaus","plexippus","monarch","Animalia",86971,312,"Flower visitation",2024,8,10,223,2460533,1,"86971_Flower visitation","Feeding","NY",2024-08-10,"calendar",223,2024,"86971_Flower visitation_2024",10
17414,42.936153,-73.433449,396,"Danaus","plexippus","monarch","Animalia",86971,327,"Adults",2024,6,16,168,2460478,3,"86971_Adults","Adults observed","NY",2024-06-16,"calendar",168,2024,"86971_Adults_2024",11
20969,33.632149,-117.55545,1383,"Adelpha","californica","California sister","Animalia",90203,327,"Adults",2024,3,11,71,2460381,2,"90203_Adults","Adults observed","CA",2024-03-11,"calendar",71,2024,"90203_Adults_2024",10
20969,33.632149,-117.55545,1135,"Junonia","coenia","common buckeye","Animalia",90204,327,"Adults",2024,2,22,53,2460363,4,"90204_Adults","Adults observed","CA",2024-02-22,"calendar",53,2024,"90204_Adults_2024",10
20969,33.632149,-117.55545,1388,"Coenonympha","tullia","common ringlet","Animalia",90205,327,"Adults",2024,3,9,69,2460379,2,"90205_Adults","Adults observed","CA",2024-03-09,"calendar",69,2024,"90205_Adults_2024",10
20969,33.632149,-117.55545,1384,"Anthocharis","sara","Pacific orangetip","Animalia",90206,327,"Adults",2024,3,9,69,2460379,2,"90206_Adults","Adults observed","CA",2024-03-09,"calendar",69,2024,"90206_Adults_2024",10
22613,32.33926,-110.981728,1131,"Calephelis","nemesis","fatal metalmark","Animalia",100905,327,"Adults",2024,6,25,177,2460487,6,"100905_Adults","Adults observed","AZ",2024-06-25,"calendar",177,2024,"100905_Adults_2024",10
22613,32.33926,-110.981728,1403,"Papilio","cresphontes","giant swallowtail","Animalia",100906,327,"Adults",2024,4,17,108,2460418,7,"100906_Adults","Adults observed","AZ",2024-04-17,"calendar",108,2024,"100906_Adults_2024",10
22613,32.33926,-110.981728,1391,"Agraulis","vanillae","gulf fritillary","Animalia",100907,327,"Adults",2024,1,31,31,2460341,4,"100907_Adults","Adults observed","AZ",2024-01-31,"calendar",31,2024,"100907_Adults_2024",10
22613,32.33926,-110.981728,396,"Danaus","plexippus","monarch","Animalia",100909,327,"Adults",2024,1,31,31,2460341,4,"100909_Adults","Adults observed","AZ",2024-01-31,"calendar",31,2024,"100909_Adults_2024",10
22613,32.33926,-110.981728,1129,"Battus","philenor","pipevine swallowtail","Animalia",100912,327,"Adults",2024,5,14,135,2460445,6,"100912_Adults","Adults observed","AZ",2024-05-14,"calendar",135,2024,"100912_Adults_2024",9
22613,32.33926,-110.981728,1133,"Danaus","gilippus","queen","Animalia",100913,327,"Adults",2024,1,31,31,2460341,4,"100913_Adults","Adults observed","AZ",2024-01-31,"calendar",31,2024,"100913_Adults_2024",10
22613,32.33926,-110.981728,415,"Libellula","saturata","flame skimmer","Animalia",136804,327,"Adults",2024,3,27,87,2460397,7,"136804_Adults","Adults observed","AZ",2024-03-27,"calendar",87,2024,"136804_Adults_2024",9
5674,44.910587,-70.266861,396,"Danaus","plexippus","monarch","Animalia",12711,312,"Flower visitation",2025,6,15,166,2460842,7,"12711_Flower visitation","Feeding","ME",2025-06-15,"calendar",166,2025,"12711_Flower visitation_2025",10
5674,44.910587,-70.266861,396,"Danaus","plexippus","monarch","Animalia",12711,327,"Adults",2025,6,15,166,2460842,7,"12711_Adults","Adults observed","ME",2025-06-15,"calendar",166,2025,"12711_Adults_2025",10
2803,39.971001,-105.397003,288,"Bombus","spp.","bumblebee","Animalia",16049,312,"Flower visitation",2025,9,20,263,2460939,3,"16049_Flower visitation","Feeding","CO",2025-09-20,"calendar",263,2025,"16049_Flower visitation_2025",15
2803,39.971001,-105.397003,288,"Bombus","spp.","bumblebee","Animalia",16049,327,"Adults",2025,9,20,263,2460939,3,"16049_Adults","Adults observed","CO",2025-09-20,"calendar",263,2025,"16049_Adults_2025",14
8418,32.363758,-94.873947,288,"Bombus","spp.","bumblebee","Animalia",30797,312,"Flower visitation",2025,3,12,71,2460747,6,"30797_Flower visitation","Feeding","TX",2025-03-12,"calendar",71,2025,"30797_Flower visitation_2025",11
8418,32.363758,-94.873947,288,"Bombus","spp.","bumblebee","Animalia",30797,327,"Adults",2025,3,12,71,2460747,6,"30797_Adults","Adults observed","TX",2025-03-12,"calendar",71,2025,"30797_Adults_2025",11
10145,42.602543,-83.250992,288,"Bombus","spp.","bumblebee","Animalia",38858,327,"Adults",2025,4,28,118,2460794,6,"38858_Adults","Adults observed","MI",2025-04-28,"calendar",118,2025,"38858_Adults_2025",13
10145,42.602543,-83.250992,391,"Pieris","rapae","cabbage white","Animalia",38859,327,"Adults",2025,4,14,104,2460780,1,"38859_Adults","Adults observed","MI",2025-04-14,"calendar",104,2025,"38859_Adults_2025",13
10145,42.602543,-83.250992,272,"Anax","junius","common green darner","Animalia",38869,327,"Adults",2025,8,11,223,2460899,1,"38869_Adults","Adults observed","MI",2025-08-11,"calendar",223,2025,"38869_Adults_2025",13
10145,42.602543,-83.250992,396,"Danaus","plexippus","monarch","Animalia",38919,327,"Adults",2025,6,28,179,2460855,6,"38919_Adults","Adults observed","MI",2025-06-28,"calendar",179,2025,"38919_Adults_2025",13
10145,42.602543,-83.250992,1132,"Colias","eurytheme","orange sulphur","Animalia",38930,327,"Adults",2025,5,2,122,2460798,1,"38930_Adults","Adults observed","MI",2025-05-02,"calendar",122,2025,"38930_Adults_2025",13
10145,42.602543,-83.250992,393,"Vanessa","atalanta","red admiral","Animalia",38941,327,"Adults",2025,5,11,131,2460807,1,"38941_Adults","Adults observed","MI",2025-05-11,"calendar",131,2025,"38941_Adults_2025",11
10145,42.602543,-83.250992,1238,"Apis","mellifera","honeybee","Animalia",69919,327,"Adults",2025,6,11,162,2460838,1,"69919_Adults","Adults observed","MI",2025-06-11,"calendar",162,2025,"69919_Adults_2025",11
17414,42.936153,-73.433449,396,"Danaus","plexippus","monarch","Animalia",86971,312,"Flower visitation",2025,6,21,172,2460848,7,"86971_Flower visitation","Feeding","NY",2025-06-21,"calendar",172,2025,"86971_Flower visitation_2025",10
17414,42.936153,-73.433449,396,"Danaus","plexippus","monarch","Animalia",86971,327,"Adults",2025,6,8,159,2460835,4,"86971_Adults","Adults observed","NY",2025-06-08,"calendar",159,2025,"86971_Adults_2025",11
20969,33.632149,-117.55545,1383,"Adelpha","californica","California sister","Animalia",90203,327,"Adults",2025,11,11,315,2460991,5,"90203_Adults","Adults observed","CA",2025-11-11,"calendar",315,2025,"90203_Adults_2025",10
20969,33.632149,-117.55545,1135,"Junonia","coenia","common buckeye","Animalia",90204,327,"Adults",2025,3,10,69,2460745,1,"90204_Adults","Adults observed","CA",2025-03-10,"calendar",69,2025,"90204_Adults_2025",10
20969,33.632149,-117.55545,1388,"Coenonympha","tullia","common ringlet","Animalia",90205,327,"Adults",2025,3,10,69,2460745,1,"90205_Adults","Adults observed","CA",2025-03-10,"calendar",69,2025,"90205_Adults_2025",10
20969,33.632149,-117.55545,1384,"Anthocharis","sara","Pacific orangetip","Animalia",90206,327,"Adults",2025,3,10,69,2460745,1,"90206_Adults","Adults observed","CA",2025-03-10,"calendar",69,2025,"90206_Adults_2025",10
22613,32.33926,-110.981728,1131,"Calephelis","nemesis","fatal metalmark","Animalia",100905,327,"Adults",2025,5,27,147,2460823,7,"100905_Adults","Adults observed","AZ",2025-05-27,"calendar",147,2025,"100905_Adults_2025",10
22613,32.33926,-110.981728,1403,"Papilio","cresphontes","giant swallowtail","Animalia",100906,327,"Adults",2025,5,7,127,2460803,7,"100906_Adults","Adults observed","AZ",2025-05-07,"calendar",127,2025,"100906_Adults_2025",10
22613,32.33926,-110.981728,1391,"Agraulis","vanillae","gulf fritillary","Animalia",100907,327,"Adults",2025,5,27,147,2460823,7,"100907_Adults","Adults observed","AZ",2025-05-27,"calendar",147,2025,"100907_Adults_2025",10
22613,32.33926,-110.981728,396,"Danaus","plexippus","monarch","Animalia",100909,327,"Adults",2025,9,2,245,2460921,7,"100909_Adults","Adults observed","AZ",2025-09-02,"calendar",245,2025,"100909_Adults_2025",10
22613,32.33926,-110.981728,1129,"Battus","philenor","pipevine swallowtail","Animalia",100912,327,"Adults",2025,2,25,56,2460732,5,"100912_Adults","Adults observed","AZ",2025-02-25,"calendar",56,2025,"100912_Adults_2025",9
22613,32.33926,-110.981728,1133,"Danaus","gilippus","queen","Animalia",100913,327,"Adults",2025,3,25,84,2460760,3,"100913_Adults","Adults observed","AZ",2025-03-25,"calendar",84,2025,"100913_Adults_2025",10
22613,32.33926,-110.981728,415,"Libellula","saturata","flame skimmer","Animalia",136804,327,"Adults",2025,4,22,112,2460788,6,"136804_Adults","Adults observed","AZ",2025-04-22,"calendar",112,2025,"136804_Adults_2025",9
